2013	1	2248
2013	2	2033
2014	2	1827
2014	1	1790
2013	3	1485
2013	0	1428
2014	0	1360
2015	1	1300
2013	9	1231
2016	1	1190
2015	2	1179
2013	8	1177
2016	2	1124
2014	3	1120
2013	4	1064
2016	0	1059
2013	7	1043
2013	5	1026
2014	9	1016
2014	4	1016
2015	0	1015
2013	16	992
2013	6	965
2013	10	936
2014	8	922
2014	5	909
2014	7	897
2015	3	834
2013	15	824
2014	6	823
2013	17	811
2016	3	803
2014	15	774
2013	23	758
2014	16	738
2013	11	719
2016	9	718
2013	14	715
2013	107	712
2014	10	709
2016	8	706
2013	100	690
2015	9	678
2013	22	677
2013	13	675
2013	18	671
2015	5	649
2013	93	649
2014	-1	645
2015	4	644
2015	8	639
2013	99	630
2013	12	629
2016	4	629
2013	30	610
2013	121	603
2014	11	602
2013	114	601
2013	19	601
2013	21	590
2014	14	587
2016	7	577
2013	24	575
2016	5	573
2013	106	573
2013	-1	565
2013	25	564
2015	7	561
2013	29	561
2016	6	558
2013	37	552
2013	31	550
2013	94	533
2016	85	532
2014	17	529
2013	128	529
2013	108	524
2016	10	522
2014	12	517
2013	101	516
2013	20	516
2016	-1	515
2016	86	513
2015	16	513
2015	6	512
2014	23	511
2014	13	511
2013	113	509
2013	92	507
2013	115	503
2013	79	503
2013	127	502
2015	10	499
2013	36	498
2013	86	488
2017	1	483
2013	96	482
2013	26	481
2013	135	473
2014	22	469
2013	95	467
2013	102	467
2013	120	463
2015	-1	462
2013	44	461
2014	86	460
2013	98	460
2013	28	458
2013	105	457
2014	100	453
2016	79	451
2013	32	450
2014	99	447
2017	0	446
2016	84	442
2016	93	440
2016	14	439
2015	15	439
2013	27	438
2015	11	438
2014	93	438
2016	15	438
2013	97	435
2013	109	433
2013	38	432
2014	18	432
2014	107	429
2016	16	428
2013	85	426
2013	-5	425
2014	19	423
2013	141	422
2015	17	422
2013	91	418
2014	85	417
2016	12	416
2013	112	416
2016	91	416
2013	142	414
2013	116	413
2014	106	410
2013	78	409
2014	24	409
2014	21	408
2013	149	408
2015	13	405
2013	103	403
2016	126	403
2013	110	403
2016	78	403
2014	121	401
2013	51	399
2017	2	398
2013	111	397
2013	122	396
2015	14	396
2014	20	396
2013	87	395
2013	33	395
2016	99	394
2013	35	394
2014	30	393
2013	58	392
2013	43	391
2016	92	390
2013	134	390
2016	13	387
2015	12	386
2013	104	386
2013	129	383
2013	80	382
2016	11	380
2013	39	379
2014	79	377
2014	92	376
2014	114	373
2013	64	373
2016	100	372
2014	87	370
2013	119	369
2013	126	368
2013	136	366
2013	72	364
2016	21	362
2013	-6	361
2014	103	359
2013	156	359
2016	22	357
2013	148	357
2014	91	356
2016	87	355
2016	17	355
2014	94	355
2013	84	352
2013	45	350
2013	65	349
2015	18	349
2014	101	349
2016	77	346
2014	83	346
2015	93	345
2014	128	345
2016	107	344
2016	98	343
2015	22	342
2015	23	342
2014	29	341
2013	34	340
2014	78	339
2013	133	337
2013	-7	336
2015	86	335
2013	130	335
2013	46	335
2013	117	335
2013	118	335
2014	27	332
2015	29	331
2016	80	330
2016	105	328
2013	57	328
2013	124	327
2014	108	327
2015	85	327
2014	26	327
2014	88	326
2014	84	326
2013	89	325
2015	30	325
2013	143	324
2013	77	323
2013	50	323
2016	83	323
2013	123	323
2016	23	321
2016	90	321
2013	155	321
2016	106	320
2013	40	319
2016	76	318
2016	101	318
2013	42	317
2014	105	316
2014	127	315
2013	82	314
2013	88	314
2016	88	313
2016	113	312
2014	37	312
2013	81	311
2016	82	311
2013	137	311
2016	89	309
2014	98	308
2014	28	308
2016	18	308
2014	25	308
2015	20	308
2014	113	307
2014	95	307
2013	-2	306
2014	104	306
2016	29	305
2013	90	305
2015	79	304
2016	72	303
2015	92	302
2014	31	302
2014	97	301
2014	135	301
2014	72	301
2013	59	300
2013	170	300
2014	90	300
2016	114	299
2016	94	299
2013	41	299
2013	71	297
2016	30	296
2016	19	295
2013	150	295
2016	71	293
2013	163	293
2017	3	293
2013	83	292
2014	96	290
2013	66	289
2013	-4	289
2014	80	289
2016	81	288
2014	-2	287
2014	120	287
2014	82	286
2014	77	285
2014	89	285
2015	19	285
2013	49	283
2014	134	283
2014	115	282
2013	132	282
2013	75	282
2013	55	281
2013	52	281
2016	28	280
2016	75	279
2013	140	279
2013	131	279
2015	94	279
2016	95	279
2015	100	278
2016	20	278
2013	56	276
2013	74	276
2015	107	276
2014	32	272
2014	33	272
2013	53	272
2015	37	271
2016	116	270
2016	97	268
2013	144	267
2014	42	267
2015	21	266
2013	54	266
2015	91	266
2014	109	265
2016	24	265
2013	47	265
2014	112	265
2015	26	265
2014	81	264
2015	87	264
2015	99	264
2016	112	264
2016	64	263
2015	36	262
2016	102	262
2016	44	261
2015	84	261
2014	122	261
2016	96	261
2015	38	260
2016	65	260
2013	147	260
2013	138	260
2015	24	259
2016	43	258
2014	38	258
2013	63	258
2016	58	258
2017	-1	257
2016	73	257
2013	162	256
2014	111	255
2015	25	255
2014	44	254
2014	36	254
2015	114	253
2014	43	252
2016	50	252
2014	142	252
2014	148	252
2013	73	252
2016	36	252
2014	102	252
2013	125	251
2016	31	251
2013	48	251
2016	27	250
2014	71	250
2014	129	250
2014	110	249
2016	63	249
2015	35	248
2013	157	247
2016	56	247
2013	76	246
2016	120	246
2014	75	246
2016	109	245
2015	78	245
2016	35	245
2015	113	244
2016	51	244
2013	177	244
2015	34	243
2015	106	243
2015	31	243
2013	70	242
2013	151	241
2016	70	241
2015	27	241
2014	149	241
2013	139	241
2013	145	241
2016	104	240
2015	105	240
2016	108	237
2014	141	237
2016	25	236
2016	37	236
2013	184	235
2015	121	235
2014	51	235
2014	74	234
2015	80	234
2016	26	233
2014	124	232
2015	108	232
2014	130	232
2016	103	232
2017	8	232
2015	95	232
2016	42	232
2014	35	231
2014	116	229
2013	67	227
2014	117	227
2014	-5	227
2015	70	226
2015	28	226
2015	51	226
2015	81	225
2013	146	225
2014	65	225
2015	72	225
2015	44	224
2013	169	223
2014	126	223
2016	121	223
2016	111	223
2016	74	223
2013	164	222
2016	45	222
2014	73	222
2013	60	221
2013	176	221
2017	7	220
2015	43	219
2016	33	219
2016	110	218
2016	57	218
2013	68	218
2014	156	218
2016	134	217
2016	135	216
2016	115	216
2016	41	216
2017	5	215
2014	70	215
2016	119	214
2015	98	214
2015	77	214
2014	45	214
2014	76	213
2016	-2	213
2013	154	213
2015	96	213
2014	131	212
2013	-8	212
2015	83	212
2015	128	211
2016	128	211
2015	32	210
2014	-6	210
2016	49	210
2015	120	210
2013	-3	210
2016	127	210
2016	66	209
2014	119	208
2016	62	208
2014	58	208
2015	82	207
2013	61	207
2013	191	207
2013	62	207
2015	42	207
2014	136	206
2015	39	206
2013	183	206
2013	178	205
2015	90	205
2015	101	205
2013	69	205
2013	152	203
2014	125	203
2014	34	203
2016	34	203
2015	89	203
2014	39	202
2014	49	201
2015	88	201
2014	132	201
2016	32	200
2017	6	200
2013	198	198
2014	163	197
2015	40	197
2014	46	197
2015	127	196
2015	74	195
2014	123	195
2015	134	195
2013	153	194
2015	52	194
2017	9	192
2015	58	192
2016	46	191
2015	33	190
2014	50	190
2015	149	190
2013	160	190
2013	161	190
2015	76	189
2015	-2	189
2013	158	189
2014	52	189
2013	171	189
2015	112	189
2015	71	188
2013	159	188
2014	140	187
2015	103	187
2016	40	187
2013	165	187
2014	-4	187
2015	97	186
2015	142	186
2014	143	186
2014	133	186
2014	40	185
2015	135	184
2015	115	184
2014	57	184
2016	38	183
2015	109	183
2015	45	183
2015	73	183
2016	69	183
2016	118	183
2016	53	182
2015	57	181
2014	118	180
2013	205	179
2016	60	179
2015	50	179
2015	148	179
2015	141	178
2016	142	178
2013	192	178
2015	46	178
2014	155	178
2015	64	178
2015	41	177
2016	133	177
2015	60	176
2014	53	176
2016	129	176
2014	59	175
2016	141	175
2015	49	174
2016	55	174
2014	147	174
2016	117	174
2014	146	173
2014	157	173
2015	126	173
2015	65	172
2014	41	172
2015	102	172
2016	59	171
2014	137	171
2016	149	171
2016	122	171
2016	52	171
2015	119	169
2016	67	169
2016	48	168
2013	212	168
2013	185	168
2013	175	168
2015	67	168
2016	54	167
2015	110	167
2015	122	167
2016	47	167
2017	4	166
2014	55	165
2013	219	165
2014	47	165
2016	39	164
2015	104	164
2013	197	164
2014	170	163
2015	75	163
2014	64	162
2016	61	161
2015	125	160
2016	68	160
2014	150	160
2013	190	159
2016	148	159
2014	162	158
2014	54	158
2014	62	158
2015	54	157
2013	168	157
2014	138	157
2014	66	156
2014	144	156
2016	123	156
2016	125	155
2014	139	155
2013	226	155
2015	140	154
2015	56	154
2014	69	154
2014	191	153
2015	124	152
2016	136	152
2013	240	152
2014	63	152
2013	204	152
2014	-3	151
2014	152	150
2013	186	150
2015	156	150
2015	129	150
2014	60	149
2015	136	149
2014	56	149
2015	47	149
2014	145	149
2015	116	147
2013	193	147
2014	48	146
2015	55	145
2016	137	145
2015	133	145
2015	69	145
2015	-5	144
2014	151	143
2013	211	143
2015	66	143
2013	167	142
2013	200	142
2014	169	142
2015	62	142
2015	48	141
2014	153	141
2013	218	141
2014	67	141
2014	177	141
2016	132	140
2013	199	140
2015	59	139
2015	163	139
2013	247	139
2014	184	138
2016	130	138
2013	206	138
2014	154	138
2013	166	138
2013	189	137
2014	-7	137
2013	179	137
2013	180	137
2015	111	136
2014	161	136
2013	172	136
2016	124	135
2015	68	135
2016	140	134
2014	164	134
2016	143	134
2014	176	134
2015	117	134
2015	155	133
2016	155	133
2015	53	133
2015	118	133
2016	154	132
2016	162	131
2016	131	131
2014	205	129
2015	-7	129
2016	139	129
2015	162	128
2013	213	127
2013	207	126
2015	137	126
2016	170	126
2015	123	126
2015	-6	125
2013	233	125
2015	61	125
2015	138	125
2014	167	124
2013	173	124
2013	239	124
2015	143	124
2014	165	124
2013	187	124
2015	130	123
2015	147	123
2016	176	123
2013	182	122
2015	151	121
2013	174	121
2015	132	121
2014	197	121
2015	170	121
2013	232	120
2013	289	120
2016	138	120
2013	274	120
2016	183	120
2013	235	119
2014	68	119
2016	157	118
2015	169	118
2017	10	118
2013	220	117
2015	146	116
2013	196	116
2016	150	116
2016	184	115
2015	-3	115
2015	63	115
2015	150	115
2016	177	115
2013	188	115
2016	147	114
2014	160	114
2013	201	113
2014	158	113
2014	61	113
2016	145	113
2016	156	113
2013	227	112
2013	260	112
2015	131	112
2013	202	112
2016	144	112
2016	161	112
2013	310	111
2013	210	111
2016	151	110
2017	16	110
2013	195	110
2013	268	110
2014	198	110
2014	204	110
2016	-5	110
2016	146	109
2014	168	109
2013	234	109
2014	183	109
2016	-6	108
2016	152	108
2015	190	108
2015	-8	108
2013	317	108
2015	159	107
2013	203	107
2013	194	106
2013	303	106
2015	164	106
2013	275	106
2014	178	105
2015	184	105
2017	11	105
2016	163	105
2016	169	105
2015	160	105
2015	139	105
2016	175	104
2013	225	104
2014	211	103
2015	157	103
2014	-13	103
2015	191	103
2015	144	103
2014	247	103
2015	177	103
2013	296	103
2016	189	102
2016	185	102
2013	288	102
2013	181	102
2016	178	101
2013	216	101
2013	282	101
2014	212	101
2014	166	101
2013	-11	101
2013	-12	100
2015	153	100
2014	159	100
2016	181	100
2014	192	100
2016	-4	100
2013	254	99
2016	168	99
2014	310	99
2014	171	99
2016	-7	98
2016	153	98
2014	-14	98
2014	-12	97
2013	255	97
2015	158	97
2013	246	97
2013	241	97
2017	15	97
2014	-8	96
2016	-3	96
2017	13	96
2017	100	96
2015	176	96
2014	199	96
2013	297	95
2013	244	95
2014	186	95
2013	208	95
2016	198	95
2016	173	94
2014	190	94
2017	99	94
2016	190	93
2015	145	93
2013	281	92
2017	12	92
2016	159	92
2015	-4	92
2014	225	92
2016	-12	91
2015	168	91
2013	223	91
2016	-8	91
2013	209	91
2014	226	91
2014	254	90
2014	233	90
2013	217	90
2016	191	90
2014	175	90
2015	198	90
2013	290	90
2016	172	90
2013	221	90
2015	167	89
2014	173	89
2015	161	89
2016	205	88
2013	245	88
2016	182	88
2015	183	88
2013	324	87
2013	373	87
2013	228	87
2013	316	87
2014	219	87
2013	230	87
2015	-10	87
2014	185	86
2013	261	86
2013	267	86
2015	154	86
2013	214	86
2017	14	86
2015	152	85
2013	229	85
2013	224	85
2014	289	85
2015	171	85
2016	166	85
2013	253	85
2013	345	85
2013	-13	84
2017	77	84
2013	283	84
2014	-9	84
2016	171	84
2014	-10	84
2013	366	84
2015	166	84
2013	231	84
2014	206	83
2016	174	83
2016	180	83
2014	246	83
2014	172	83
2016	199	83
2013	318	83
2016	167	82
2013	259	82
2013	276	82
2016	158	82
2014	218	82
2013	338	82
2016	160	82
2014	281	81
2013	249	81
2013	309	81
2013	331	81
2016	164	81
2013	236	81
2015	172	81
2016	-13	80
2013	250	80
2014	202	80
2014	213	80
2014	182	80
2013	264	80
2013	248	80
2014	195	79
2013	325	79
2015	212	79
2015	185	79
2014	288	79
2013	256	79
2015	197	79
2016	197	79
2014	316	79
2013	-9	79
2013	273	79
2016	192	79
2013	-10	79
2016	204	79
2013	269	79
2014	188	79
2014	276	78
2013	262	78
2015	-9	78
2015	165	78
2016	165	78
2014	-11	78
2014	324	77
2014	282	77
2017	57	77
2014	274	77
2013	339	77
2013	215	77
2013	280	77
2015	-11	77
2016	232	76
2017	98	76
2015	175	76
2014	240	76
2014	268	76
2014	317	76
2017	86	75
2015	178	75
2014	189	75
2014	303	75
2016	195	75
2013	304	75
2014	331	75
2014	304	75
2014	261	75
2016	218	75
2015	240	75
2017	85	75
2015	226	75
2015	205	74
2015	-12	74
2016	206	74
2015	-13	74
2014	234	74
2014	180	74
2016	219	74
2013	257	74
2014	295	74
2013	323	74
2014	269	74
2014	302	74
2014	194	73
2014	200	73
2013	222	73
2015	233	73
2017	-2	73
2014	235	73
2013	365	73
2014	338	73
2014	241	73
2013	252	73
2015	193	73
2014	253	73
2017	92	72
2014	179	72
2016	212	72
2014	203	72
2014	-15	72
2015	182	72
2014	323	72
2014	296	72
2013	237	72
2013	394	71
2015	173	71
2014	174	71
2017	23	71
2013	337	71
2013	311	71
2017	84	71
2013	306	71
2016	187	71
2015	199	71
2014	345	71
2013	302	71
2014	275	71
2014	227	70
2013	238	70
2013	352	70
2015	179	70
2014	207	70
2015	316	70
2014	181	70
2017	79	70
2014	193	70
2013	286	69
2013	270	69
2015	254	69
2014	239	69
2016	261	69
2013	299	69
2013	359	69
2015	-14	69
2016	-14	69
2015	186	69
2016	186	69
2015	219	69
2013	284	69
2013	242	69
2014	232	68
2013	346	68
2014	249	68
2016	233	68
2014	325	68
2013	271	68
2017	93	68
2016	196	68
2013	386	68
2016	203	68
2015	296	68
2014	-16	68
2016	226	68
2017	21	67
2016	179	67
2014	309	67
2013	358	67
2016	239	67
2014	196	67
2017	18	67
2013	295	67
2014	344	67
2015	323	67
2016	188	67
2017	80	67
2014	221	66
2015	232	66
2016	216	66
2013	287	66
2014	332	66
2017	78	66
2014	290	66
2016	194	65
2013	308	65
2013	319	65
2016	260	65
2014	217	65
2014	277	65
2014	223	65
2015	192	65
2013	387	65
2013	279	65
2013	330	64
2013	298	64
2014	244	64
2013	401	64
2013	277	64
2014	380	64
2015	218	64
2016	202	64
2013	305	64
2013	408	64
2013	344	64
2016	302	64
2014	297	63
2016	211	63
2015	206	63
2013	336	63
2014	255	63
2015	196	63
2014	-19	63
2014	294	63
2014	359	63
2013	251	63
2016	224	63
2016	246	63
2016	247	63
2016	193	63
2014	210	63
2015	189	62
2014	298	62
2013	332	62
2015	295	62
2014	187	62
2013	-26	62
2013	263	62
2017	101	62
2016	220	62
2013	285	62
2017	96	62
2013	400	61
2016	303	61
2013	379	61
2014	352	61
2013	374	61
2016	240	61
2013	278	61
2014	230	61
2015	225	61
2013	328	61
2014	318	61
2016	210	61
2015	324	60
2016	200	60
2014	238	60
2017	22	60
2013	266	60
2014	266	60
2014	358	60
2014	283	60
2014	208	60
2015	181	60
2015	-15	60
2014	252	60
2014	220	60
2013	307	60
2013	367	59
2015	221	59
2014	313	59
2013	293	59
2015	358	59
2013	353	59
2013	272	59
2015	310	59
2014	256	59
2014	229	59
2013	-14	59
2016	213	59
2014	278	59
2014	224	59
2016	262	59
2015	268	59
2014	214	59
2016	268	59
2015	252	59
2015	274	59
2013	350	59
2014	215	59
2016	-11	59
2015	275	59
2013	351	58
2016	243	58
2015	281	58
2013	265	58
2014	260	58
2014	201	58
2013	315	58
2016	234	58
2017	83	58
2016	267	58
2015	289	58
2016	-10	58
2015	188	58
2017	64	58
2015	302	58
2014	351	57
2017	97	57
2016	227	57
2015	195	57
2013	320	57
2016	245	57
2015	267	57
2015	208	57
2013	355	57
2015	220	57
2015	-16	57
2017	91	57
2013	422	56
2015	174	56
2015	239	56
2017	88	56
2014	343	56
2014	262	56
2015	247	56
2017	58	56
2013	372	56
2013	291	56
2014	264	56
2014	248	56
2015	194	55
2016	221	55
2017	81	55
2014	373	55
2014	-18	55
2017	82	55
2015	261	55
2014	326	55
2013	402	55
2013	294	55
2014	267	55
2017	105	55
2013	300	55
2013	322	55
2013	360	55
2017	25	55
2015	317	55
2013	301	55
2017	20	55
2013	258	55
2015	204	55
2013	415	55
2017	107	55
2016	275	54
2015	200	54
2015	211	54
2014	222	54
2014	287	54
2015	260	54
2016	201	54
2016	266	54
2013	369	54
2016	207	54
2013	326	54
2013	-19	54
2017	56	54
2017	94	54
2015	213	54
2017	30	54
2017	90	54
2014	231	54
2016	296	54
2015	253	54
2016	253	54
2015	210	54
2014	330	53
2016	217	53
2015	180	53
2013	364	53
2014	305	53
2015	262	53
2017	35	53
2014	209	53
2013	393	53
2014	312	53
2014	-27	53
2014	237	53
2013	340	52
2017	59	52
2015	249	52
2013	380	52
2016	241	52
2017	106	52
2016	225	52
2014	263	52
2014	328	52
2014	415	52
2014	329	52
2016	248	51
2015	303	51
2016	244	51
2017	17	51
2015	245	51
2013	429	51
2016	256	51
2015	202	51
2013	381	51
2016	208	51
2014	365	51
2015	284	51
2013	333	51
2014	279	51
2013	463	51
2015	209	51
2016	209	51
2014	242	51
2014	307	51
2013	329	51
2015	248	50
2013	443	50
2016	281	50
2013	384	50
2013	314	50
2015	-18	50
2015	217	50
2015	201	50
2015	331	50
2015	223	50
2014	245	50
2014	251	50
2017	89	50
2014	273	50
2015	203	50
2014	322	50
2013	-15	50
2017	95	50
2016	-15	50
2017	63	50
2015	339	50
2016	231	50
2016	242	50
2013	361	50
2014	372	50
2016	237	50
2013	356	50
2014	259	49
2013	243	49
2014	270	49
2015	270	49
2013	335	49
2015	227	49
2014	346	49
2013	292	49
2015	276	49
2016	222	49
2017	87	49
2014	228	49
2015	234	49
2015	-19	49
2016	289	49
2014	-20	49
2017	19	49
2016	214	49
2016	236	49
2014	366	49
2015	242	49
2014	292	48
2013	357	48
2013	395	48
2013	363	48
2014	250	48
2017	24	48
2016	-9	48
2015	338	48
2014	257	48
2014	339	48
2013	312	48
2014	258	48
2014	394	47
2013	313	47
2014	-17	47
2016	228	47
2014	315	47
2015	288	47
2015	207	47
2013	-30	47
2015	283	47
2013	375	47
2013	392	47
2016	230	47
2014	349	47
2015	187	47
2015	-27	47
2015	308	46
2014	265	46
2015	314	46
2015	298	46
2013	456	46
2013	397	46
2014	408	46
2013	327	46
2014	327	46
2014	392	46
2013	376	46
2014	387	46
2015	263	46
2016	274	46
2014	280	46
2015	318	46
2013	421	46
2014	286	45
2015	319	45
2013	411	45
2014	422	45
2015	325	45
2016	309	45
2015	347	45
2016	223	45
2016	235	45
2014	311	45
2013	457	45
2015	322	45
2013	436	45
2013	-16	45
2013	334	45
2017	37	45
2014	340	44
2015	351	44
2014	243	44
2015	-17	44
2013	362	44
2015	373	44
2013	341	44
2013	433	44
2015	309	44
2017	28	44
2017	120	44
2013	385	44
2016	304	44
2014	337	44
2015	364	44
2016	310	44
2013	348	44
2014	321	44
2017	40	44
2016	278	44
2014	414	44
2013	409	44
2014	236	44
2015	236	44
2017	74	44
2013	388	44
2015	345	44
2015	329	44
2013	-17	43
2014	216	43
2014	308	43
2016	254	43
2013	368	43
2015	352	43
2016	255	43
2013	347	43
2013	450	43
2015	337	43
2013	321	43
2015	224	43
2014	381	43
2015	246	43
2013	349	43
2015	366	43
2013	485	43
2015	231	43
2016	215	43
2017	26	43
2017	102	42
2017	75	42
2016	259	42
2015	216	42
2017	119	42
2017	65	42
2017	38	42
2013	449	42
2016	276	42
2014	395	42
2016	249	42
2013	-18	42
2013	428	42
2014	293	42
2015	304	42
2013	-24	42
2015	250	42
2013	445	42
2014	272	42
2015	256	42
2015	359	42
2013	354	42
2015	273	42
2016	257	42
2013	420	42
2013	458	42
2013	437	42
2014	367	41
2016	324	41
2016	270	41
2014	335	41
2015	222	41
2017	-7	41
2013	471	41
2016	282	41
2015	255	41
2017	55	41
2013	396	41
2013	342	41
2013	391	41
2014	429	41
2017	121	41
2013	370	41
2015	235	41
2017	127	41
2014	333	41
2014	-26	41
2016	252	41
2014	436	41
2013	582	41
2014	301	41
2014	393	41
2014	431	41
2013	377	41
2017	113	40
2015	297	40
2016	297	40
2015	238	40
2014	314	40
2014	471	40
2017	44	40
2017	109	40
2014	401	40
2017	66	40
2014	450	40
2013	407	40
2017	72	40
2017	62	40
2014	300	40
2015	365	40
2014	284	40
2015	290	40
2017	117	40
2015	-21	40
2017	47	40
2014	285	40
2013	442	40
2015	269	40
2017	42	40
2014	334	40
2015	264	40
2015	259	39
2013	378	39
2013	416	39
2015	400	39
2016	238	39
2016	298	39
2013	547	39
2013	520	39
2017	104	39
2016	288	39
2013	499	39
2014	299	39
2017	29	39
2016	305	39
2016	295	39
2013	431	39
2017	112	39
2015	215	39
2013	-27	39
2013	464	39
2016	345	39
2016	264	39
2013	-33	38
2013	405	38
2015	378	38
2013	389	38
2017	43	38
2013	-28	38
2014	319	38
2017	103	38
2015	287	38
2015	379	38
2014	342	38
2014	353	38
2015	380	38
2015	326	38
2014	364	38
2015	386	38
2015	278	38
2013	462	38
2016	273	38
2015	-20	38
2014	430	38
2015	230	38
2014	403	38
2013	414	38
2015	241	38
2015	214	38
2014	360	38
2015	344	38
2016	317	38
2014	555	38
2014	-21	38
2016	323	38
2016	269	38
2013	-54	38
2014	291	38
2015	237	38
2014	443	37
2015	243	37
2015	-28	37
2016	265	37
2013	590	37
2014	363	37
2015	282	37
2014	374	37
2014	347	37
2016	331	37
2015	277	37
2016	277	37
2016	250	37
2015	229	37
2014	478	37
2014	451	37
2015	251	37
2013	343	37
2014	354	37
2013	-20	37
2013	484	37
2017	41	37
2015	360	37
2013	382	37
2017	134	37
2014	356	37
2015	389	36
2017	27	36
2013	492	36
2015	265	36
2013	476	36
2014	271	36
2014	390	36
2015	228	36
2013	412	36
2013	423	36
2013	-35	36
2017	34	36
2017	110	36
2013	548	36
2016	294	36
2014	386	36
2015	305	36
2016	332	36
2016	251	36
2013	500	36
2015	311	36
2013	430	36
2016	322	36
2013	398	36
2014	463	36
2016	263	36
2014	355	36
2014	350	36
2017	31	36
2013	399	36
2015	372	36
2015	394	35
2017	108	35
2014	400	35
2014	492	35
2013	-23	35
2017	114	35
2013	406	35
2017	60	35
2015	336	35
2015	401	35
2013	461	35
2015	353	35
2014	456	35
2016	316	35
2013	435	35
2017	73	35
2014	506	35
2013	371	35
2013	-37	35
2016	301	35
2015	258	35
2015	291	35
2013	410	35
2016	319	34
2015	357	34
2015	330	34
2016	330	34
2017	76	34
2013	-61	34
2017	33	34
2014	-45	34
2013	390	34
2014	336	34
2013	439	34
2013	434	34
2015	294	34
2013	478	34
2014	-25	34
2017	51	34
2015	257	34
2015	376	34
2015	387	34
2013	479	34
2015	301	34
2015	285	34
2013	469	34
2014	361	34
2015	-22	33
2013	486	33
2015	313	33
2014	379	33
2015	271	33
2017	71	33
2015	374	33
2016	320	33
2014	423	33
2014	375	33
2014	413	33
2017	67	33
2013	424	33
2014	419	33
2015	371	33
2015	393	33
2015	312	33
2013	-22	33
2013	540	32
2014	486	32
2017	49	32
2014	406	32
2016	352	32
2013	417	32
2014	417	32
2015	244	32
2015	315	32
2014	407	32
2014	499	32
2015	299	32
2014	391	32
2016	283	32
2013	521	32
2013	694	32
2013	413	32
2014	424	32
2013	554	32
2015	408	32
2014	484	32
2016	338	32
2017	111	32
2013	403	32
2016	284	32
2013	549	32
2017	122	32
2014	306	32
2016	279	32
2014	485	32
2013	-32	32
2015	388	32
2016	307	32
2013	459	31
2013	427	31
2013	465	31
2014	384	31
2015	384	31
2014	357	31
2013	541	31
2016	287	31
2013	-29	31
2015	450	31
2014	396	31
2016	229	31
2013	467	31
2015	332	31
2013	451	31
2014	370	31
2014	376	31
2017	-4	31
2013	506	31
2015	333	31
2014	409	31
2013	555	31
2017	36	31
2017	128	31
2013	404	31
2017	-5	31
2015	350	31
2015	415	31
2014	491	31
2013	448	31
2015	367	30
2015	340	30
2015	286	30
2013	470	30
2015	443	30
2013	584	30
2013	444	30
2013	455	30
2014	320	30
2013	-40	30
2015	385	30
2014	369	30
2015	342	30
2015	-35	30
2017	61	30
2013	526	30
2015	272	30
2016	299	30
2017	45	30
2015	348	30
2013	440	30
2016	386	30
2016	359	30
2015	451	30
2017	116	30
2016	300	30
2016	311	30
2013	441	30
2013	528	30
2014	512	30
2014	442	30
2013	453	30
2016	280	30
2013	491	30
2014	464	30
2015	437	30
2013	583	30
2013	383	30
2014	421	29
2013	513	29
2016	-33	29
2017	-6	29
2014	470	29
2013	454	29
2014	-28	29
2015	346	29
2015	292	29
2015	438	29
2014	-23	29
2014	368	29
2013	460	29
2013	-34	29
2014	444	29
2016	271	29
2013	493	29
2015	266	29
2015	407	29
2013	472	29
2015	472	29
2013	667	29
2014	397	29
2014	435	29
2015	381	29
2016	-20	29
2014	457	29
2014	441	29
2013	560	29
2013	533	29
2013	501	29
2013	474	29
2013	-59	29
2014	458	29
2014	377	29
2014	388	29
2014	437	29
2017	156	29
2014	-33	28
2013	551	28
2016	373	28
2014	438	28
2014	-34	28
2015	428	28
2017	39	28
2016	315	28
2016	272	28
2016	337	28
2013	532	28
2014	505	28
2013	619	28
2013	792	28
2013	576	28
2017	149	28
2016	360	28
2017	133	28
2015	409	28
2016	258	28
2014	469	28
2014	453	28
2015	356	28
2014	-22	27
2016	313	27
2013	432	27
2016	286	27
2014	432	27
2014	416	27
2013	800	27
2015	427	27
2014	465	27
2014	341	27
2016	314	27
2016	325	27
2015	293	27
2013	504	27
2013	596	27
2015	-24	27
2017	115	27
2013	418	27
2015	391	27
2015	456	27
2014	402	27
2014	348	27
2017	148	27
2015	413	27
2014	462	27
2015	392	27
2015	279	27
2013	425	27
2014	398	27
2013	-48	27
2013	-21	27
2014	420	27
2016	312	27
2015	377	27
2015	442	27
2013	507	27
2015	361	27
2013	556	27
2017	129	27
2015	421	26
2014	459	26
2017	70	26
2014	362	26
2013	-39	26
2014	-39	26
2014	449	26
2015	-23	26
2015	341	26
2014	477	26
2015	477	26
2014	526	26
2015	429	26
2017	-3	26
2014	467	26
2013	505	26
2013	-25	26
2013	527	26
2013	495	26
2013	-69	26
2017	68	26
2015	306	26
2016	306	26
2015	-26	26
2014	371	26
2016	344	26
2016	290	26
2014	382	26
2016	285	26
2015	-32	26
2013	669	26
2013	534	26
2015	280	26
2016	372	26
2016	318	26
2016	291	26
2014	410	26
2015	448	25
2013	594	25
2014	405	25
2013	497	25
2016	351	25
2015	362	25
2015	395	25
2013	514	25
2014	433	25
2015	444	25
2016	336	25
2014	455	25
2014	493	25
2014	385	25
2013	531	25
2014	-24	25
2015	369	25
2014	715	25
2016	-35	25
2014	445	25
2013	591	25
2013	483	25
2017	137	25
2013	575	25
2015	375	25
2013	494	25
2016	321	25
2014	440	25
2013	489	25
2015	354	25
2013	446	25
2013	-47	25
2015	300	25
2014	533	25
2014	452	25
2013	517	25
2013	447	25
2014	447	25
2013	539	25
2016	366	25
2013	604	25
2015	404	25
2014	577	25
2014	496	25
2014	696	25
2013	588	25
2017	69	25
2016	334	25
2015	307	25
2013	426	25
2016	329	25
2013	-60	24
2016	340	24
2013	632	24
2013	778	24
2013	751	24
2016	335	24
2017	162	24
2014	-55	24
2017	135	24
2013	519	24
2014	519	24
2013	438	24
2014	476	24
2016	341	24
2013	498	24
2015	498	24
2014	547	24
2014	-40	24
2013	558	24
2013	731	24
2016	358	24
2015	423	24
2017	50	24
2014	434	24
2016	353	24
2013	618	24
2014	510	24
2013	732	24
2017	143	24
2016	354	24
2017	46	24
2013	-31	24
2014	576	24
2013	468	24
2014	468	24
2017	52	24
2014	674	24
2016	328	24
2013	512	24
2013	550	24
2017	150	24
2016	-16	24
2015	334	24
2014	426	24
2014	518	24
2014	383	24
2013	475	24
2016	394	23
2014	632	23
2013	508	23
2015	335	23
2013	481	23
2014	681	23
2013	-55	23
2017	130	23
2013	595	23
2015	422	23
2013	487	23
2014	487	23
2013	660	23
2014	617	23
2015	363	23
2017	136	23
2013	801	23
2016	401	23
2013	466	23
2013	666	23
2014	466	23
2013	612	23
2015	-40	23
2013	477	23
2013	515	23
2015	526	23
2016	326	23
2013	-46	23
2017	126	23
2013	537	23
2014	-30	23
2013	602	23
2014	548	23
2014	494	23
2015	532	23
2015	370	23
2014	743	23
2015	343	23
2015	327	23
2014	500	23
2013	419	23
2014	695	23
2013	674	23
2013	566	23
2013	496	23
2013	653	23
2015	507	23
2014	653	23
2013	772	23
2016	-27	23
2015	399	23
2015	464	23
2016	356	23
2014	448	23
2014	513	22
2015	-33	22
2015	432	22
2017	124	22
2016	-17	22
2013	535	22
2016	362	22
2016	308	22
2016	346	22
2016	292	22
2014	541	22
2017	141	22
2013	736	22
2013	482	22
2014	439	22
2015	412	22
2013	623	22
2013	569	22
2013	-89	22
2014	472	22
2014	672	22
2014	645	22
2015	418	22
2014	521	22
2015	321	22
2014	597	22
2015	-25	22
2013	543	22
2014	570	22
2015	511	22
2015	430	22
2016	349	22
2015	414	22
2014	479	22
2015	425	22
2013	782	22
2015	355	22
2015	485	22
2014	-32	22
2016	350	22
2014	534	22
2014	507	22
2013	480	22
2013	745	22
2015	410	22
2013	702	22
2014	475	22
2013	605	21
2017	32	21
2014	843	21
2013	546	21
2015	519	21
2014	757	21
2013	687	21
2014	460	21
2015	-34	21
2013	552	21
2013	525	21
2016	379	21
2014	498	21
2015	471	21
2015	390	21
2014	736	21
2013	-56	21
2017	147	21
2014	666	21
2014	639	21
2016	293	21
2013	585	21
2014	412	21
2013	704	21
2013	769	21
2014	569	21
2013	542	21
2016	342	21
2014	-89	21
2014	688	21
2014	488	21
2013	553	21
2016	380	21
2014	418	21
2015	445	21
2013	764	21
2014	483	21
2013	716	21
2013	-90	21
2013	-36	21
2013	473	21
2013	511	21
2015	457	21
2015	441	21
2013	452	21
2013	625	21
2015	625	21
2015	436	21
2014	501	21
2015	631	21
2014	480	21
2013	545	21
2013	518	21
2017	145	21
2017	118	21
2014	378	20
2013	524	20
2015	470	20
2014	411	20
2014	703	20
2014	676	20
2013	822	20
2015	541	20
2015	433	20
2014	590	20
2013	536	20
2014	536	20
2014	428	20
2015	320	20
2013	639	20
2015	466	20
2014	585	20
2015	612	20
2015	396	20
2013	488	20
2013	-62	20
2017	153	20
2014	737	20
2015	548	20
2013	-68	20
2015	494	20
2013	678	20
2017	132	20
2016	370	20
2016	343	20
2014	446	20
2014	619	20
2016	365	20
2015	544	20
2013	-64	20
2014	490	20
2017	144	20
2014	582	20
2015	382	20
2015	420	20
2016	393	20
2016	339	20
2014	404	20
2013	723	20
2013	-70	20
2014	561	20
2013	-38	20
2014	583	20
2014	540	19
2013	686	19
2013	-98	19
2013	-71	19
2013	-44	19
2013	589	19
2015	416	19
2014	389	19
2015	562	19
2015	454	19
2014	611	19
2014	584	19
2013	503	19
2016	357	19
2015	368	19
2017	168	19
2013	579	19
2013	617	19
2014	563	19
2013	509	19
2014	482	19
2015	509	19
2013	855	19
2015	482	19
2013	742	19
2013	564	19
2015	591	19
2013	510	19
2014	537	19
2013	-95	19
2013	-41	19
2013	613	19
2014	543	19
2014	-36	19
2014	835	19
2013	727	19
2016	327	19
2014	646	19
2017	138	19
2014	549	19
2015	349	19
2013	598	19
2015	452	19
2013	771	19
2014	863	19
2015	463	19
2013	620	19
2015	512	19
2013	577	19
2013	523	19
2013	615	19
2014	842	19
2015	469	19
2013	626	19
2013	529	19
2014	556	19
2015	383	19
2014	-76	19
2017	48	18
2014	778	18
2014	724	18
2015	497	18
2013	708	18
2014	481	18
2014	427	18
2017	54	18
2013	-66	18
2013	611	18
2014	838	18
2013	849	18
2016	368	18
2014	779	18
2017	163	18
2014	-29	18
2016	347	18
2014	504	18
2013	-78	18
2013	715	18
2013	737	18
2016	-19	18
2014	829	18
2014	667	18
2015	467	18
2015	-68	18
2015	440	18
2013	759	18
2013	559	18
2014	624	18
2013	597	18
2015	424	18
2013	516	18
2014	516	18
2013	662	18
2013	862	18
2016	-90	18
2015	462	18
2015	-36	18
2016	-36	18
2014	473	18
2013	765	18
2015	419	18
2014	565	18
2014	511	18
2013	-58	18
2015	403	18
2013	-42	18
2014	668	18
2013	787	18
2016	387	18
2013	879	18
2016	333	18
2015	398	18
2016	-26	18
2013	544	18
2013	663	18
2013	836	18
2014	609	18
2014	528	18
2015	328	18
2017	155	18
2014	-48	18
2013	766	18
2017	139	18
2014	604	18
2013	1177	18
2013	561	18
2014	680	18
2015	491	18
2013	610	18
2013	502	18
2015	459	17
2014	751	17
2013	562	17
2014	589	17
2016	416	17
2013	935	17
2013	654	17
2015	492	17
2013	638	17
2014	665	17
2014	638	17
2015	465	17
2013	557	17
2015	411	17
2013	730	17
2017	184	17
2013	806	17
2016	-34	17
2015	-29	17
2013	720	17
2015	574	17
2015	547	17
2016	374	17
2014	520	17
2014	612	17
2014	531	17
2016	385	17
2013	850	17
2013	-51	17
2017	142	17
2013	607	17
2015	434	17
2013	580	17
2016	407	17
2014	553	17
2015	553	17
2014	-46	17
2013	629	17
2015	402	17
2015	575	17
2013	721	17
2016	375	17
2014	-41	17
2013	586	17
2013	878	17
2014	651	17
2015	478	17
2013	797	17
2013	570	17
2014	797	17
2014	-90	17
2013	-63	17
2014	862	17
2015	489	17
2014	554	17
2014	527	17
2014	-31	17
2014	495	17
2013	614	17
2013	587	17
2013	652	17
2014	625	17
2014	598	17
2013	571	17
2013	490	17
2013	-75	17
2014	701	17
2014	474	17
2015	-48	17
2013	631	17
2015	431	17
2014	723	17
2017	123	17
2015	-70	17
2013	707	17
2015	534	17
2013	599	17
2013	572	17
2015	426	17
2014	718	17
2013	637	17
2014	729	17
2014	567	16
2015	513	16
2014	659	16
2017	140	16
2015	551	16
2014	497	16
2013	670	16
2017	151	16
2014	562	16
2014	935	16
2014	535	16
2013	681	16
2014	454	16
2013	600	16
2014	627	16
2014	730	16
2014	595	16
2013	568	16
2015	568	16
2014	514	16
2014	687	16
2014	552	16
2013	725	16
2017	125	16
2015	417	16
2013	563	16
2015	590	16
2013	-110	16
2013	682	16
2014	509	16
2014	855	16
2013	628	16
2014	828	16
2014	628	16
2016	-29	16
2015	520	16
2015	439	16
2013	758	16
2013	931	16
2015	558	16
2013	823	16
2014	650	16
2014	623	16
2014	596	16
2013	688	16
2013	661	16
2014	-35	16
2013	-127	16
2014	699	16
2013	-73	16
2015	499	16
2014	591	16
2014	683	16
2013	656	16
2013	640	16
2014	586	16
2013	-52	16
2015	505	16
2014	678	16
2013	770	16
2014	662	16
2013	635	16
2013	835	16
2014	808	16
2015	435	16
2013	673	16
2013	646	16
2017	154	16
2014	673	16
2015	473	16
2015	446	16
2014	765	16
2015	538	16
2015	484	16
2013	603	16
2014	603	16
2014	522	16
2014	868	16
2014	841	16
2013	760	16
2015	533	16
2013	825	16
2014	771	16
2014	744	16
2016	398	16
2015	490	16
2014	836	16
2015	555	16
2013	647	16
2013	793	16
2014	793	16
2013	739	16
2014	566	16
2015	458	16
2016	-32	16
2013	1150	16
2013	869	16
2013	-43	16
2013	815	16
2016	388	16
2015	561	16
2013	-81	16
2013	680	16
2014	626	16
2014	664	16
2014	783	16
2013	-103	16
2013	675	16
2013	821	16
2013	767	15
2014	594	15
2016	367	15
2013	886	15
2013	832	15
2013	805	15
2015	405	15
2014	578	15
2014	551	15
2015	578	15
2014	524	15
2014	897	15
2015	524	15
2014	508	15
2013	-82	15
2015	481	15
2013	573	15
2013	746	15
2016	-28	15
2014	719	15
2015	611	15
2016	384	15
2014	503	15
2016	422	15
2014	768	15
2016	395	15
2014	714	15
2014	-61	15
2015	460	15
2013	709	15
2016	363	15
2014	709	15
2014	655	15
2014	601	15
2013	574	15
2013	747	15
2014	574	15
2013	1120	15
2014	704	15
2015	504	15
2017	131	15
2016	369	15
2013	1088	15
2017	169	15
2014	834	15
2014	634	15
2014	807	15
2014	607	15
2013	953	15
2014	780	15
2013	645	15
2013	910	15
2013	-84	15
2013	-57	15
2014	629	15
2014	1002	15
2014	575	15
2014	775	15
2014	867	15
2014	786	15
2014	559	15
2014	905	15
2015	397	15
2014	635	15
2013	581	15
2014	781	15
2014	-47	15
2013	565	15
2013	738	15
2013	-112	15
2013	857	15
2013	776	15
2013	522	15
2013	695	15
2014	787	15
2014	587	15
2016	-42	15
2014	560	15
2014	933	15
2013	1079	15
2014	679	15
2014	425	15
2016	371	15
2013	863	15
2014	-37	15
2013	728	15
2013	701	15
2015	474	15
2014	647	15
2013	885	15
2014	1031	15
2015	604	15
2014	750	15
2015	577	15
2017	177	15
2013	788	15
2013	761	15
2016	415	15
2014	934	15
2014	772	15
2014	545	15
2013	-65	15
2014	-38	15
2014	529	15
2014	702	15
2013	848	15
2013	-49	15
2015	-49	14
2013	567	14
2016	421	14
2013	659	14
2013	578	14
2014	805	14
2013	843	14
2015	508	14
2014	1027	14
2013	811	14
2013	-185	14
2013	530	14
2015	557	14
2015	703	14
2014	568	14
2013	-88	14
2014	-115	14
2013	633	14
2014	633	14
2015	-61	14
2013	779	14
2014	579	14
2014	752	14
2014	525	14
2013	-45	14
2015	644	14
2016	-18	14
2017	190	14
2013	-83	14
2014	882	14
2013	655	14
2014	682	14
2013	-94	14
2013	1039	14
2013	785	14
2015	639	14
2013	-132	14
2014	758	14
2013	877	14
2013	942	14
2015	596	14
2013	-116	14
2015	515	14
2014	661	14
2013	834	14
2013	634	14
2013	-208	14
2014	618	14
2014	564	14
2014	764	14
2013	710	14
2016	391	14
2014	883	14
2017	164	14
2013	856	14
2013	829	14
2013	802	14
2015	-30	14
2016	402	14
2015	521	14
2016	348	14
2014	694	14
2014	640	14
2015	640	14
2013	743	14
2013	689	14
2014	716	14
2017	170	14
2015	516	14
2013	608	14
2014	581	14
2013	754	14
2015	554	14
2014	727	14
2015	500	14
2014	819	14
2013	592	14
2013	711	14
2013	684	14
2014	911	14
2013	657	14
2014	684	14
2014	657	14
2014	630	14
2013	922	14
2013	668	14
2014	-69	14
2013	641	14
2013	841	14
2013	733	14
2013	-107	14
2014	879	14
2014	652	14
2014	-53	14
2013	744	14
2014	571	14
2013	890	14
2016	436	14
2016	409	14
2015	501	14
2013	593	14
2015	620	14
2014	593	14
2013	939	14
2014	766	14
2013	712	14
2013	685	14
2014	-86	14
2014	977	14
2013	750	14
2013	-124	14
2013	642	14
2017	161	14
2013	1053	14
2015	480	14
2014	399	14
2015	572	14
2014	745	14
2015	518	14
2016	-92	14
2014	610	14
2013	929	14
2014	502	14
2015	529	14
2016	448	13
2013	940	13
2013	713	13
2014	913	13
2014	-60	13
2014	697	13
2013	870	13
2014	643	13
2014	-44	13
2014	616	13
2016	443	13
2013	762	13
2014	735	13
2014	708	13
2014	654	13
2015	600	13
2014	946	13
2015	573	13
2014	692	13
2014	784	13
2013	757	13
2015	584	13
2013	-77	13
2013	622	13
2015	449	13
2013	714	13
2013	887	13
2013	1260	13
2014	660	13
2015	487	13
2013	752	13
2013	698	13
2013	1071	13
2016	-153	13
2013	844	13
2013	1028	13
2013	828	13
2015	455	13
2014	801	13
2014	693	13
2015	-67	13
2016	-40	13
2014	731	13
2017	158	13
2014	742	13
2015	569	13
2014	542	13
2016	396	13
2013	1261	13
2015	461	13
2013	753	13
2013	699	13
2015	618	13
2013	-111	13
2014	710	13
2017	191	13
2014	856	13
2014	802	13
2013	748	13
2013	959	13
2015	586	13
2013	932	13
2013	905	13
2013	651	13
2013	824	13
2013	624	13
2013	1170	13
2016	-25	13
2015	597	13
2013	1116	13
2015	570	13
2014	916	13
2013	1008	13
2013	700	13
2013	873	13
2014	700	13
2014	-74	13
2013	1192	13
2013	538	13
2016	392	13
2014	884	13
2015	711	13
2014	1057	13
2013	830	13
2015	-31	13
2013	1122	13
2013	722	13
2014	722	13
2014	614	13
2015	506	13
2017	160	13
2015	479	13
2015	598	13
2014	890	13
2014	-91	13
2013	609	13
2015	663	13
2013	1128	13
2016	382	13
2016	355	13
2015	528	13
2014	-75	13
2014	620	13
2014	539	13
2013	658	13
2014	685	13
2014	631	13
2013	950	13
2016	404	13
2013	1123	13
2016	377	13
2014	669	13
2014	588	13
2014	707	13
2013	972	13
2013	918	13
2013	718	13
2013	691	13
2013	837	13
2014	637	13
2015	-38	13
2013	1156	13
2013	729	13
2015	583	13
2013	-76	13
2014	-103	13
2015	502	13
2014	1021	12
2014	821	12
2016	-49	12
2014	794	12
2015	594	12
2013	740	12
2015	486	12
2015	605	12
2013	724	12
2016	378	12
2013	1043	12
2014	-71	12
2013	616	12
2014	816	12
2015	589	12
2013	-109	12
2015	535	12
2013	854	12
2013	627	12
2013	827	12
2014	827	12
2014	573	12
2013	1146	12
2013	-120	12
2013	719	12
2015	546	12
2013	865	12
2013	838	12
2014	530	12
2014	-104	12
2015	503	12
2014	849	12
2013	795	12
2014	1022	12
2014	622	12
2015	622	12
2013	941	12
2013	1114	12
2014	833	12
2013	898	12
2017	152	12
2014	671	12
2014	844	12
2013	763	12
2014	963	12
2013	909	12
2016	390	12
2014	936	12
2014	-83	12
2013	-202	12
2015	-56	12
2013	974	12
2014	720	12
2013	839	12
2015	493	12
2013	985	12
2013	958	12
2015	585	12
2014	558	12
2013	677	12
2015	-132	12
2014	-78	12
2013	996	12
2013	969	12
2014	969	12
2014	915	12
2014	461	12
2015	-62	12
2016	-89	12
2013	780	12
2015	634	12
2013	1153	12
2013	926	12
2014	926	12
2017	-8	12
2014	-100	12
2014	845	12
2014	791	12
2013	-138	12
2013	1137	12
2016	364	12
2014	-84	12
2014	656	12
2013	975	12
2016	-30	12
2013	813	12
2014	813	12
2014	532	12
2017	159	12
2014	489	12
2014	1035	12
2013	981	12
2013	1046	12
2014	846	12
2015	673	12
2015	592	12
2013	938	12
2014	938	12
2013	884	12
2013	630	12
2014	803	12
2013	749	12
2013	1149	12
2013	1322	12
2013	814	12
2015	641	12
2014	733	12
2013	679	12
2013	852	12
2016	506	12
2013	-199	12
2013	1144	12
2015	517	12
2017	171	12
2014	690	12
2014	663	12
2013	809	12
2015	636	12
2015	-37	12
2013	955	12
2013	-129	12
2013	1101	12
2014	-102	12
2013	847	12
2015	-75	12
2015	674	12
2013	820	12
2014	820	12
2015	447	12
2013	1058	12
2017	166	12
2014	777	12
2014	-151	12
2013	1096	12
2013	696	12
2015	496	12
2014	-70	12
2014	642	12
2013	1015	12
2014	815	12
2015	-43	12
2014	788	12
2015	588	12
2014	880	12
2014	853	12
2014	891	12
2016	-146	12
2013	664	12
2013	983	12
2014	-130	12
2015	556	12
2016	383	12
2013	967	11
2014	767	11
2013	-114	11
2015	-141	11
2014	605	11
2013	-152	11
2013	897	11
2013	643	11
2015	-71	11
2013	789	11
2013	-190	11
2013	989	11
2013	908	11
2014	854	11
2014	600	11
2014	800	11
2014	546	11
2014	919	11
2013	665	11
2014	892	11
2015	692	11
2017	146	11
2013	-104	11
2013	703	11
2013	1076	11
2013	-50	11
2014	-77	11
2014	876	11
2016	-77	11
2013	741	11
2013	833	11
2013	606	11
2014	806	11
2014	925	11
2013	671	11
2013	1044	11
2015	-72	11
2013	790	11
2013	1309	11
2014	-137	11
2013	1082	11
2015	536	11
2013	601	11
2013	774	11
2013	-121	11
2013	812	11
2013	1212	11
2013	1185	11
2013	904	11
2013	650	11
2014	677	11
2015	-105	11
2016	423	11
2013	915	11
2014	515	11
2013	888	11
2014	861	11
2013	807	11
2015	607	11
2013	1045	11
2015	645	11
2016	472	11
2014	-111	11
2013	883	11
2013	1029	11
2013	1002	11
2014	602	11
2013	1348	11
2014	948	11
2013	1094	11
2013	894	11
2014	-68	11
2013	-187	11
2013	786	11
2016	413	11
2014	959	11
2013	-106	11
2013	-79	11
2014	705	11
2013	851	11
2015	-52	11
2013	1089	11
2015	743	11
2015	543	11
2013	954	11
2013	900	11
2013	1273	11
2014	1073	11
2013	1165	11
2013	-166	11
2013	-139	11
2014	738	11
2013	-85	11
2017	165	11
2016	-31	11
2014	976	11
2016	403	11
2015	576	11
2013	1268	11
2015	468	11
2014	814	11
2013	1160	11
2016	414	11
2013	906	11
2013	-80	11
2013	1052	11
2013	1198	11
2015	652	11
2013	717	11
2014	717	11
2013	690	11
2013	1236	11
2015	-64	11
2013	1182	11
2013	982	11
2014	782	11
2013	1074	11
2014	874	11
2015	647	11
2016	-21	11
2013	1085	11
2013	-86	11
2014	-59	11
2013	831	11
2016	485	11
2015	-259	11
2015	658	11
2013	1004	11
2013	977	11
2013	777	11
2014	1004	11
2014	550	11
2013	896	11
2013	1242	11
2013	842	11
2013	1415	11
2016	-97	11
2013	988	11
2016	-43	11
2013	1107	11
2013	907	11
2013	-108	11
2016	361	11
2014	-54	11
2015	653	11
2013	1199	11
2013	-200	11
2017	53	11
2014	572	11
2014	918	11
2013	891	11
2014	864	11
2015	664	11
2016	437	11
2014	675	11
2014	648	11
2015	475	11
2014	-49	11
2015	540	10
2014	859	10
2013	1005	10
2015	-60	10
2015	632	10
2013	1151	10
2016	405	10
2013	697	10
2014	670	10
2013	1162	10
2013	735	10
2014	-82	10
2013	1000	10
2016	-55	10
2014	973	10
2013	946	10
2016	427	10
2014	746	10
2013	1319	10
2013	1092	10
2014	-66	10
2013	784	10
2013	1303	10
2013	649	10
2014	649	10
2013	968	10
2016	-23	10
2013	1087	10
2015	741	10
2013	-207	10
2013	925	10
2014	952	10
2013	1125	10
2013	-126	10
2013	-72	10
2014	1098	10
2014	-72	10
2014	871	10
2013	1017	10
2014	644	10
2013	936	10
2013	882	10
2013	1255	10
2016	455	10
2016	428	10
2014	747	10
2014	-94	10
2014	1093	10
2013	-67	10
2014	1066	10
2013	-186	10
2014	785	10
2016	450	10
2013	1115	10
2013	1061	10
2015	-89	10
2015	580	10
2016	-154	10
2013	672	10
2013	791	10
2014	818	10
2013	-165	10
2016	418	10
2015	537	10
2013	1256	10
2016	429	10
2014	721	10
2014	840	10
2015	613	10
2013	1132	10
2013	-133	10
2014	732	10
2014	1051	10
2016	-106	10
2013	1197	10
2013	-198	10
2015	624	10
2016	451	10
2013	-117	10
2014	-144	10
2014	689	10
2013	1208	10
2013	-209	10
2014	981	10
2013	1127	10
2013	-101	10
2013	-74	10
2014	873	10
2013	1219	10
2013	-193	10
2015	646	10
2014	792	10
2013	1138	10
2015	565	10
2014	538	10
2014	-58	10
2014	830	10
2013	803	10
2013	1003	10
2013	1203	10
2013	1176	10
2013	-123	10
2013	1095	10
2016	376	10
2015	495	10
2015	-69	10
2013	1187	10
2014	987	10
2013	960	10
2015	614	10
2014	960	10
2013	1133	10
2014	906	10
2013	-53	10
2014	1052	10
2014	798	10
2013	-145	10
2014	544	10
2015	571	10
2014	517	10
2016	-118	10
2014	636	10
2014	955	10
2014	728	10
2013	1193	10
2015	539	10
2015	712	10
2014	804	10
2013	923	10
2014	950	10
2014	523	10
2013	-97	10
2014	-97	10
2013	-216	10
2013	961	10
2013	826	10
2016	-81	10
2013	999	10
2015	-54	10
2013	-173	10
2014	799	10
2013	1118	10
2015	545	10
2014	-65	10
2014	837	10
2014	810	10
2013	783	10
2013	756	10
2016	410	10
2013	-130	10
2013	648	10
2015	702	10
2013	621	10
2014	621	9
2016	-76	9
2015	621	9
2014	967	9
2014	740	9
2013	913	9
2013	-87	9
2013	1259	9
2013	1459	9
2013	951	9
2013	-125	9
2015	751	9
2014	924	9
2014	-125	9
2014	870	9
2013	1016	9
2016	-44	9
2015	616	9
2016	-109	9
2015	-55	9
2014	773	9
2016	400	9
2013	692	9
2015	746	9
2014	865	9
2015	-66	9
2013	-158	9
2016	-39	9
2014	984	9
2014	557	9
2013	768	9
2014	968	9
2014	741	9
2017	195	9
2013	1060	9
2015	514	9
2014	860	9
2015	406	9
2013	-153	9
2017	-61	9
2016	433	9
2013	952	9
2014	725	9
2015	725	9
2014	698	9
2014	898	9
2013	817	9
2013	1163	9
2013	-137	9
2013	1055	9
2015	709	9
2016	-110	9
2016	-56	9
2015	601	9
2014	947	9
2013	693	9
2014	920	9
2017	174	9
2013	866	9
2014	-67	9
2015	666	9
2014	812	9
2015	-159	9
2015	531	9
2014	1077	9
2014	823	9
2013	1142	9
2013	1315	9
2013	1207	9
2014	-208	9
2013	980	9
2014	980	9
2013	1326	9
2013	1099	9
2013	-300	9
2013	872	9
2017	180	9
2013	1072	9
2013	845	9
2014	1045	9
2013	964	9
2014	964	9
2015	564	9
2014	937	9
2013	1083	9
2015	510	9
2015	483	9
2014	1029	9
2013	1175	9
2016	-57	9
2015	602	9
2014	748	9
2013	840	9
2014	613	9
2015	-41	9
2013	1386	9
2016	-41	9
2013	1159	9
2013	705	9
2014	878	9
2015	705	9
2014	-52	9
2015	678	9
2014	943	9
2016	397	9
2014	608	9
2013	927	9
2014	-128	9
2015	527	9
2014	-101	9
2013	1073	9
2013	1019	9
2015	-74	9
2013	819	9
2015	-47	9
2013	911	9
2014	711	9
2013	1257	9
2013	1057	9
2014	857	9
2015	657	9
2014	776	9
2013	949	9
2015	603	9
2013	895	9
2013	-96	9
2013	1295	9
2015	749	9
2013	868	9
2014	-96	9
2015	522	9
2014	-42	9
2015	-42	9
2013	933	9
2015	587	9
2014	1079	9
2013	1025	9
2014	825	9
2013	1171	9
2016	452	9
2016	425	9
2013	636	9
2013	1209	9
2014	1009	9
2016	463	9
2013	755	9
2013	-156	9
2013	1155	9
2015	582	9
2014	1101	9
2015	-102	9
2013	1220	9
2013	-194	9
2016	447	9
2013	1339	9
2013	1139	9
2014	912	9
2014	831	9
2015	-59	9
2016	458	9
2015	550	9
2015	-97	9
2014	869	9
2013	1215	9
2013	1188	9
2014	615	9
2016	442	9
2013	934	9
2013	1134	9
2014	761	9
2014	734	9
2013	1307	9
2013	-227	9
2015	453	9
2014	826	9
2013	799	9
2016	-54	9
2016	426	9
2013	945	9
2014	972	9
2013	-119	9
2016	399	9
2013	1291	9
2013	864	9
2014	-92	9
2013	1237	9
2013	1010	9
2015	610	9
2013	1129	9
2016	529	9
2014	994	8
2016	-22	8
2014	713	8
2015	686	8
2015	659	8
2015	724	8
2013	1216	8
2013	962	8
2014	962	8
2013	-136	8
2013	1135	8
2013	1308	8
2016	389	8
2015	708	8
2013	1254	8
2013	1027	8
2015	627	8
2013	973	8
2013	919	8
2015	-147	8
2013	1065	8
2017	173	8
2014	-93	8
2013	1011	8
2013	984	8
2014	811	8
2015	638	8
2016	465	8
2013	1157	8
2013	-131	8
2013	1103	8
2015	757	8
2014	930	8
2013	1276	8
2017	157	8
2015	-104	8
2013	1222	8
2015	476	8
2013	995	8
2016	449	8
2013	1341	8
2014	914	8
2015	-88	8
2016	-115	8
2015	687	8
2013	1206	8
2013	1006	8
2014	606	8
2013	979	8
2015	606	8
2015	579	8
2014	-126	8
2015	671	8
2013	-191	8
2014	817	8
2013	990	8
2014	1017	8
2014	-191	8
2015	617	8
2014	990	8
2013	1136	8
2016	417	8
2013	1001	8
2013	1374	8
2014	1001	8
2014	974	8
2014	774	8
2013	947	8
2013	1147	8
2014	839	8
2016	-94	8
2014	931	8
2014	-132	8
2013	-105	8
2015	704	8
2014	877	8
2013	796	8
2014	769	8
2015	542	8
2015	715	8
2014	-62	8
2013	1234	8
2013	-181	8
2013	-154	8
2014	580	8
2017	-62	8
2013	726	8
2013	899	8
2014	899	8
2014	872	8
2016	-100	8
2013	1164	8
2014	991	8
2014	-165	8
2013	937	8
2013	1110	8
2015	737	8
2013	683	8
2015	-138	8
2016	-138	8
2013	1229	8
2013	775	8
2013	-122	8
2013	1121	8
2013	1294	8
2017	175	8
2013	1067	8
2013	1240	8
2015	694	8
2013	1013	8
2016	-68	8
2016	467	8
2013	986	8
2014	-187	8
2014	759	8
2013	1332	8
2015	759	8
2014	1078	8
2014	824	8
2014	997	8
2013	916	8
2015	-90	8
2013	808	8
2013	1154	8
2016	408	8
2014	754	8
2014	927	8
2013	1300	8
2016	381	8
2013	1100	8
2014	1046	8
2014	592	8
2013	1111	8
2014	-85	8
2013	1030	8
2014	1030	8
2016	-58	8
2016	457	8
2017	-58	8
2016	430	8
2013	1349	8
2014	-150	8
2015	549	8
2013	1068	8
2013	-188	8
2013	987	8
2014	760	8
2015	560	8
2013	706	8
2015	679	8
2013	798	8
2016	-53	8
2014	-145	8
2013	-118	8
2013	1117	8
2015	717	8
2014	-64	8
2016	-91	8
2014	809	8
2016	-37	8
2015	609	8
2014	755	8
2014	1020	8
2013	1312	8
2013	-113	8
2013	858	8
2014	885	8
2015	685	8
2013	1031	8
2014	-178	8
2013	1323	8
2015	-151	8
2013	1069	8
2014	-43	8
2013	1388	8
2015	642	8
2013	1161	8
2013	-135	8
2014	961	8
2017	188	8
2014	907	8
2013	1253	8
2013	853	8
2015	-81	8
2013	1372	8
2013	-146	8
2013	1145	8
2013	-92	8
2014	691	8
2013	1064	8
2017	172	8
2014	1064	8
2013	1037	8
2015	-65	8
2013	-184	8
2013	1183	8
2013	956	8
2014	983	8
2013	1102	8
2015	-157	8
2015	729	8
2017	183	8
2015	-103	8
2014	848	8
2014	1048	8
2013	1394	7
2013	1367	7
2015	-195	7
2014	-141	7
2013	1086	7
2014	686	7
2014	886	7
2013	1059	7
2013	859	7
2017	167	7
2013	1032	7
2016	-114	7
2016	-87	7
2013	-206	7
2013	978	7
2014	951	7
2013	924	7
2014	-152	7
2013	1297	7
2017	178	7
2014	-98	7
2013	1070	7
2013	816	7
2013	-217	7
2013	1189	7
2015	-44	7
2014	989	7
2013	1335	7
2013	1108	7
2013	1054	7
2015	681	7
2013	1200	7
2013	773	7
2017	200	7
2015	719	7
2014	1065	7
2013	-212	7
2014	1038	7
2014	1011	7
2014	957	7
2013	1130	7
2013	1330	7
2014	-131	7
2013	676	7
2014	903	7
2014	1103	7
2013	1449	7
2013	1249	7
2014	1049	7
2013	1422	7
2015	-50	7
2014	822	7
2015	649	7
2013	1168	7
2014	795	7
2015	595	7
2015	-196	7
2013	-115	7
2014	-142	7
2016	568	7
2013	1287	7
2014	-88	7
2013	1433	7
2015	660	7
2013	-180	7
2016	406	7
2015	525	7
2014	1044	7
2013	1217	7
2015	-45	7
2016	-45	7
2013	963	7
2015	563	7
2013	1109	7
2016	563	7
2014	909	7
2014	-110	7
2014	-56	7
2014	1055	7
2016	-83	7
2013	1201	7
2016	482	7
2013	1174	7
2013	1347	7
2013	-348	7
2015	774	7
2015	-175	7
2014	-121	7
2013	1093	7
2013	1293	7
2013	1266	7
2013	1066	7
2014	893	7
2016	-67	7
2013	1385	7
2013	-159	7
2014	-386	7
2013	1131	7
2014	958	7
2014	1104	7
2013	1023	7
2016	-78	7
2016	-24	7
2014	942	7
2013	1288	7
2013	861	7
2016	-116	7
2013	1034	7
2015	488	7
2013	1007	7
2014	-181	7
2013	-100	7
2013	1299	7
2015	-327	7
2013	1272	7
2015	726	7
2014	1099	7
2015	672	7
2015	-46	7
2016	-46	7
2013	1310	7
2014	-138	7
2014	1083	7
2015	656	7
2016	-84	7
2016	456	7
2014	921	7
2014	-95	7
2014	894	7
2014	1094	7
2013	1040	7
2016	-95	7
2016	440	7
2015	559	7
2014	932	7
2013	1078	7
2014	-79	7
2013	1224	7
2013	997	7
2016	-79	7
2013	-144	7
2014	-117	7
2013	1289	7
2017	197	7
2013	889	7
2015	716	7
2014	889	7
2013	1035	7
2016	-63	7
2014	1008	7
2013	1381	7
2015	608	7
2013	-128	7
2013	1327	7
2013	846	7
2016	527	7
2016	-74	7
2013	965	7
2015	765	7
2015	630	7
2014	749	7
2017	176	7
2013	1441	7
2016	-123	7
2016	-96	7
2013	1014	7
2014	641	7
2013	1214	7
2013	1387	7
2016	441	7
2013	1360	7
2013	-134	7
2013	1306	7
2014	-134	7
2014	706	7
2013	1279	7
2014	-107	7
2015	-53	7
2013	998	7
2014	944	7
2015	771	7
2013	1009	7
2013	-183	7
2014	982	7
2013	874	7
2013	1020	7
2013	1166	7
2013	1366	7
2015	593	7
2016	420	7
2015	793	7
2013	1112	7
2014	739	7
2015	566	7
2013	1285	7
2014	1112	7
2014	1058	7
2016	-113	7
2013	804	7
2016	-86	7
2016	-59	7
2013	-151	7
2015	669	7
2015	-243	7
2014	988	7
2014	1107	7
2013	1453	7
2014	1080	7
2014	1053	7
2013	1226	7
2016	480	7
2014	599	7
2015	599	7
2013	1318	7
2014	-146	7
2015	772	7
2014	1118	7
2013	1383	7
2016	-38	7
2014	956	7
2014	929	7
2013	1275	7
2014	875	7
2013	-222	7
2015	567	6
2017	194	6
2014	1113	6
2013	1432	6
2014	-233	6
2014	1005	6
2014	-179	6
2013	1351	6
2013	1097	6
2013	1470	6
2016	-98	6
2013	1416	6
2014	1043	6
2014	-217	6
2014	-190	6
2014	762	6
2014	908	6
2013	1081	6
2014	-109	6
2013	881	6
2014	881	6
2013	-201	6
2016	454	6
2015	827	6
2017	-55	6
2014	-120	6
2013	1292	6
2015	-120	6
2013	1465	6
2013	1265	6
2016	-120	6
2015	665	6
2016	-93	6
2013	1384	6
2013	1184	6
2013	957	6
2015	-185	6
2013	1503	6
2016	557	6
2013	876	6
2013	1049	6
2014	-50	6
2013	1022	6
2013	1195	6
2013	-169	6
2016	-50	6
2013	1368	6
2014	995	6
2013	914	6
2014	941	6
2013	860	6
2013	1233	6
2016	-88	6
2016	-61	6
2013	1179	6
2014	1006	6
2013	1152	6
2014	979	6
2017	206	6
2014	-99	6
2013	871	6
2013	1244	6
2013	644	6
2013	1417	6
2016	-72	6
2016	444	6
2014	763	6
2015	-137	6
2015	-337	6
2013	1401	6
2014	-229	6
2015	628	6
2013	-148	6
2014	-148	6
2014	1120	6
2013	-267	6
2015	693	6
2014	866	6
2015	-94	6
2013	1012	6
2013	-213	6
2016	439	6
2016	412	6
2013	1331	6
2013	1104	6
2015	758	6
2013	1277	6
2017	185	6
2014	-105	6
2015	731	6
2013	1050	6
2016	-132	6
2013	1250	6
2015	677	6
2016	504	6
2014	1050	6
2016	-105	6
2013	1223	6
2013	-197	6
2015	650	6
2014	796	6
2015	823	6
2013	1169	6
2015	-170	6
2017	196	6
2014	1115	6
2014	888	6
2013	1407	6
2015	661	6
2014	1034	6
2013	1180	6
2016	-62	6
2016	-208	6
2014	753	6
2014	953	6
2014	-73	6
2013	1245	6
2013	818	6
2013	1018	6
2016	499	6
2015	-273	6
2014	1018	6
2013	991	6
2013	1364	6
2016	445	6
2015	764	6
2013	1283	6
2013	1056	6
2015	-84	6
2013	921	6
2014	-149	6
2013	1267	6
2013	867	6
2013	1213	6
2013	1186	6
2014	986	6
2013	-160	6
2014	-160	6
2013	1105	6
2013	1278	6
2013	-279	6
2013	1251	6
2014	851	6
2014	1024	6
2014	970	6
2014	770	6
2016	424	6
2013	1143	6
2013	943	6
2015	-117	6
2013	1062	6
2013	1262	6
2016	516	6
2014	-63	6
2015	-263	6
2013	781	6
2016	435	6
2013	1354	6
2015	581	6
2015	754	6
2017	-9	6
2013	-220	6
2016	-47	6
2015	619	6
2016	419	6
2013	1338	6
2015	-166	6
2016	-193	6
2013	1311	6
2013	1084	6
2015	684	6
2013	1430	6
2016	-85	6
2014	1003	6
2013	-150	6
2015	-150	6
2013	1241	6
2013	1041	6
2014	1133	6
2013	1106	6
2017	187	6
2015	-134	6
2014	-80	6
2013	1252	6
2016	-107	6
2013	-226	6
2013	1225	6
2016	479	6
2013	971	6
2013	1290	6
2013	1090	6
2014	1063	6
2013	1036	6
2013	1382	6
2014	-210	6
2013	1328	6
2016	-210	6
2014	928	6
2015	-129	6
2014	901	6
2014	847	6
2016	-48	6
2013	-140	6
2017	193	6
2014	858	6
2013	1204	6
2016	431	6
2015	777	6
2015	-178	6
2013	-297	6
2015	-124	6
2014	896	6
2015	523	6
2013	1269	6
2016	-151	6
2015	615	6
2013	1334	6
2015	-335	6
2013	1080	6
2015	707	6
2013	1026	6
2015	680	6
2013	1399	6
2014	1026	6
2014	-200	6
2014	-173	6
2015	745	6
2013	1264	6
2015	691	6
2013	810	6
2016	491	6
2016	-65	6
2016	464	6
2014	-184	6
2014	-157	6
2014	1102	6
2013	875	6
2013	1248	6
2016	475	5
2013	994	5
2015	648	5
2013	794	5
2013	1140	5
2013	-141	5
2013	1340	5
2014	-168	5
2014	940	5
2014	-114	5
2015	740	5
2015	713	5
2014	1059	5
2014	832	5
2016	486	5
2013	-179	5
2013	1378	5
2017	-60	5
2014	978	5
2017	-33	5
2015	778	5
2013	1497	5
2013	1270	5
2016	-152	5
2013	1243	5
2014	789	5
2015	-163	5
2015	762	5
2013	1281	5
2013	-228	5
2014	1054	5
2016	-82	5
2015	-228	5
2014	1000	5
2013	-174	5
2013	-147	5
2014	-147	5
2013	892	5
2016	-147	5
2013	1038	5
2013	1238	5
2016	519	5
2015	-39	5
2016	-66	5
2014	-158	5
2016	411	5
2014	1130	5
2013	903	5
2015	-131	5
2015	530	5
2016	-131	5
2016	-104	5
2013	-196	5
2013	-342	5
2016	-223	5
2013	1314	5
2014	-315	5
2015	-142	5
2014	1114	5
2014	1060	5
2016	487	5
2014	1033	5
2015	633	5
2013	1379	5
2014	-153	5
2013	1525	5
2017	-34	5
2013	-99	5
2013	1098	5
2015	-153	5
2013	1298	5
2015	552	5
2017	179	5
2013	-445	5
2014	1071	5
2015	-99	5
2016	498	5
2015	-272	5
2014	790	5
2015	736	5
2014	1109	5
2013	1282	5
2015	-110	5
2016	-137	5
2015	-229	5
2015	-202	5
2016	-202	5
2013	920	5
2015	747	5
2015	-121	5
2013	1239	5
2016	520	5
2014	1039	5
2014	985	5
2013	1358	5
2013	1158	5
2017	212	5
2013	1304	5
2014	904	5
2016	-159	5
2013	1450	5
2014	-51	5
2014	850	5
2013	1196	5
2015	-51	5
2016	477	5
2015	623	5
2013	-143	5
2015	-116	5
2014	1061	5
2014	1007	5
2015	807	5
2013	1126	5
2014	726	5
2015	-154	5
2013	1472	5
2015	-100	5
2016	526	5
2013	-419	5
2013	-192	5
2016	-73	5
2013	1564	5
2014	910	5
2015	-338	5
2014	-284	5
2015	710	5
2013	1456	5
2015	-111	5
2015	683	5
2013	-230	5
2013	-403	5
2013	-203	5
2013	1402	5
2013	1202	5
2015	-57	5
2013	1575	5
2013	1148	5
2013	-149	5
2013	-349	5
2014	1148	5
2017	229	5
2017	202	5
2015	748	5
2016	-149	5
2014	1067	5
2015	-95	5
2013	1413	5
2013	1359	5
2015	786	5
2014	-133	5
2016	-187	5
2014	-306	5
2017	186	5
2013	1051	5
2016	-133	5
2013	1424	5
2013	970	5
2015	-225	5
2015	770	5
2014	1089	5
2016	-117	5
2013	-236	5
2013	1235	5
2015	689	5
2015	662	5
2013	1408	5
2014	-236	5
2013	-182	5
2014	-182	5
2017	208	5
2014	900	5
2014	1100	5
2016	-128	5
2013	1446	5
2014	1019	5
2013	-366	5
2013	1365	5
2016	446	5
2015	-193	5
2014	-166	5
2014	1111	5
2016	-112	5
2015	-58	5
2015	-258	5
2013	976	5
2014	-123	5
2013	1495	5
2014	1095	5
2015	722	5
2014	895	5
2014	1068	5
2015	695	5
2014	1041	5
2014	-188	5
2016	-215	5
2015	-334	5
2015	706	5
2014	852	5
2015	852	5
2014	1025	5
2013	1371	5
2017	225	5
2016	-172	5
2014	-118	5
2017	198	5
2013	-91	5
2013	1263	5
2013	1063	5
2015	-118	5
2013	-410	5
2013	1409	5
2013	1355	5
2014	-583	5
2013	928	5
2013	-102	5
2013	901	5
2015	728	5
2013	1447	5
2013	1047	5
2014	1074	5
2016	-75	5
2014	993	5
2015	820	5
2013	966	5
2014	966	5
2015	-167	5
2014	1139	5
2013	912	5
2015	-140	5
2014	-113	5
2016	-140	5
2015	-113	5
2016	512	5
2017	-59	5
2013	1496	5
2014	1123	5
2014	-124	5
2014	923	5
2015	723	5
2016	-124	5
2014	-270	5
2013	1442	5
2015	842	5
2015	-362	5
2015	761	5
2014	-135	5
2013	880	5
2016	507	5
2013	1172	5
2014	945	5
2013	-292	5
2013	1091	5
2016	518	5
2013	-211	5
2013	1210	5
2014	1010	5
2014	-584	5
2013	-157	5
2014	756	5
2013	1329	5
2015	783	5
2013	1302	5
2015	756	5
2013	1502	5
2017	210	5
2013	1075	5
2014	902	5
2014	-276	5
2016	502	5
2016	-103	5
2013	1021	5
2013	1194	4
2013	1167	4
2015	767	4
2013	1513	4
2015	-168	4
2014	-287	4
2014	-87	4
2016	513	4
2013	1232	4
2013	1405	4
2016	-60	4
2013	1524	4
2013	1324	4
2013	1124	4
2017	205	4
2015	-98	4
2013	-244	4
2013	1389	4
2015	843	4
2014	1162	4
2015	789	4
2016	-363	4
2013	-282	4
2013	-255	4
2016	535	4
2013	1227	4
2014	-228	4
2016	481	4
2015	654	4
2013	-374	4
2013	1346	4
2015	800	4
2013	1119	4
2016	-174	4
2014	1092	4
2015	-93	4
2013	1438	4
2013	1211	4
2016	492	4
2015	865	4
2015	-212	4
2015	-158	4
2013	-250	4
2016	503	4
2015	676	4
2015	-77	4
2015	-250	4
2016	-250	4
2013	-369	4
2013	-142	4
2013	1141	4
2015	795	4
2014	1141	4
2017	-23	4
2014	887	4
2014	1087	4
2016	-142	4
2013	1033	4
2015	-288	4
2014	-180	4
2013	1352	4
2015	779	4
2013	1325	4
2015	752	4
2013	-272	4
2014	-272	4
2016	-99	4
2015	844	4
2016	471	4
2013	1363	4
2013	1563	4
2015	790	4
2014	1163	4
2013	1336	4
2015	-164	4
2014	1136	4
2013	-229	4
2013	1228	4
2015	682	4
2014	1028	4
2014	1201	4
2014	-202	4
2017	-56	4
2014	1147	4
2017	201	4
2015	-148	4
2013	893	4
2015	720	4
2016	-121	4
2013	1412	4
2014	1012	4
2016	466	4
2014	-186	4
2015	-186	4
2013	-332	4
2014	-159	4
2014	-278	4
2016	531	4
2014	1023	4
2013	-397	4
2014	996	4
2015	-224	4
2015	796	4
2014	-143	4
2013	1488	4
2013	-262	4
2014	1088	4
2013	1434	4
2015	688	4
2016	488	4
2016	434	4
2013	1353	4
2015	780	4
2015	753	4
2014	1126	4
2014	1072	4
2015	699	4
2015	872	4
2013	-219	4
2015	-73	4
2013	1218	4
2013	1191	4
2013	1337	4
2015	-165	4
2017	218	4
2013	1510	4
2016	-165	4
2013	-257	4
2013	-176	4
2015	629	4
2015	829	4
2013	948	4
2014	975	4
2013	1321	4
2016	-203	4
2013	-295	4
2014	-122	4
2015	-149	4
2015	721	4
2016	521	4
2014	1040	4
2016	494	4
2014	1013	4
2016	586	4
2014	-333	4
2016	-360	4
2014	-106	4
2013	1451	4
2013	1024	4
2015	-79	4
2016	478	4
2013	1597	4
2015	651	4
2013	1570	4
2016	-52	4
2013	-171	4
2013	1370	4
2015	-198	4
2016	-425	4
2016	-198	4
2015	-171	4
2015	-144	4
2016	570	4
2014	1116	4
2013	1462	4
2015	-63	4
2013	1554	4
2013	-155	4
2015	-209	4
2014	-155	4
2014	954	4
2015	-182	4
2014	-328	4
2013	1500	4
2015	-128	4
2017	181	4
2016	500	4
2016	-101	4
2016	-247	4
2014	1165	4
2017	-47	4
2014	-139	4
2013	-312	4
2016	565	4
2015	-139	4
2013	1284	4
2016	538	4
2013	1230	4
2016	511	4
2014	-231	4
2013	-204	4
2013	1376	4
2016	-204	4
2014	949	4
2014	1149	4
2017	203	4
2014	922	4
2016	522	4
2015	668	4
2016	468	4
2016	-69	4
2013	-161	4
2014	1187	4
2013	1333	4
2015	787	4
2016	-188	4
2016	-134	4
2013	-426	4
2013	1425	4
2013	1625	4
2014	998	4
2013	1544	4
2016	-199	4
2013	1317	4
2013	917	4
2015	-172	4
2014	1117	4
2014	-318	4
2014	917	4
2015	744	4
2014	1090	4
2016	-145	4
2015	690	4
2015	-91	4
2015	-264	4
2014	1036	4
2016	-64	4
2014	-183	4
2015	-183	4
2014	-156	4
2015	755	4
2017	-10	4
2013	1501	4
2015	701	4
2013	1420	4
2014	1047	4
2014	-221	4
2016	474	4
2014	-194	4
2014	-167	4
2014	-140	4
2015	766	4
2013	1485	4
2015	-340	4
2014	712	4
2015	-313	4
2014	658	4
2013	1404	4
2015	-232	4
2013	1377	4
2013	1350	4
2013	-324	4
2015	750	4
2015	696	4
2014	1069	4
2013	1042	4
2015	869	4
2016	-70	4
2014	1015	4
2013	-189	4
2013	1534	4
2014	1134	4
2013	1507	4
2013	1280	4
2013	1480	4
2014	-108	4
2015	-108	4
2014	-81	4
2013	1426	4
2015	626	4
2014	999	4
2017	-54	4
2015	-173	4
2017	199	4
2014	-119	4
2015	-146	4
2013	1464	4
2016	-119	4
2015	-265	4
2013	1410	4
2013	1356	4
2016	-184	4
2013	902	4
2014	1129	4
2013	-276	4
2016	-130	4
2015	902	4
2015	675	4
2013	1221	4
2014	1221	3
2015	-222	3
2013	-314	3
2015	-368	3
2013	1486	3
2013	1286	3
2013	1659	3
2014	1086	3
2015	-114	3
2014	-460	3
2015	-87	3
2015	859	3
2016	459	3
2013	1178	3
2013	1551	3
2015	-606	3
2016	-233	3
2015	-406	3
2015	-179	3
2016	-179	3
2015	697	3
2016	524	3
2013	1443	3
2015	897	3
2014	1070	3
2015	670	3
2016	497	3
2013	-417	3
2013	-617	3
2014	1016	3
2015	-444	3
2013	1362	3
2017	-44	3
2014	-163	3
2015	-190	3
2015	-363	3
2014	-136	3
2017	216	3
2016	562	3
2014	1108	3
2014	1081	3
2015	-109	3
2013	1427	3
2014	-255	3
2015	-82	3
2017	-136	3
2015	-255	3
2013	1373	3
2013	1573	3
2013	1173	3
2015	-201	3
2013	-347	3
2014	-174	3
2013	1519	3
2016	-201	3
2015	-174	3
2015	773	3
2015	-347	3
2013	-93	3
2013	-293	3
2014	-293	3
2015	-293	3
2013	1611	3
2015	-239	3
2013	-385	3
2013	1357	3
2016	438	3
2014	-585	3
2016	-212	3
2013	930	3
2015	-358	3
2015	876	3
2013	-223	3
2014	-250	3
2014	-423	3
2013	1395	3
2014	-169	3
2017	222	3
2015	-169	3
2015	768	3
2015	-369	3
2013	-288	3
2013	-261	3
2013	1460	3
2013	-234	3
2013	1406	3
2016	460	3
2014	-207	3
2014	1179	3
2013	1552	3
2015	-180	3
2016	-207	3
2013	1498	3
2013	1471	3
2013	1271	3
2016	-126	3
2015	698	3
2013	-218	3
2015	-191	3
2014	-164	3
2017	217	3
2016	-164	3
2013	-256	3
2016	536	3
2013	1428	3
2015	-283	3
2016	509	3
2015	-83	3
2015	855	3
2015	828	3
2014	-175	3
2013	1520	3
2013	-294	3
2013	1493	3
2013	1466	3
2016	-148	3
2016	493	3
2015	-267	3
2015	-240	3
2015	812	3
2015	785	3
2016	-213	3
2017	-13	3
2013	-305	3
2015	931	3
2013	1077	3
2013	1423	3
2015	-78	3
2014	-197	3
2016	-51	3
2013	1342	3
2013	-343	3
2014	-170	3
2015	769	3
2015	742	3
2016	515	3
2015	-262	3
2015	861	3
2016	461	3
2015	-635	3
2015	834	3
2016	-235	3
2014	-154	3
2015	-181	3
2014	-127	3
2014	-500	3
2013	-273	3
2016	-127	3
2013	1445	3
2013	1418	3
2013	1591	3
2015	-419	3
2016	-219	3
2014	1164	3
2013	-338	3
2015	-365	3
2014	-738	3
2017	-19	3
2014	1110	3
2013	-284	3
2013	-657	3
2016	-111	3
2014	-203	3
2017	-57	3
2014	-349	3
2015	-176	3
2017	-30	3
2013	-322	3
2016	-176	3
2013	1494	3
2015	-122	3
2013	1467	3
2016	548	3
2013	-868	3
2013	-268	3
2016	-122	3
2015	-268	3
2013	-414	3
2013	-214	3
2015	667	3
2014	-414	3
2013	-587	3
2015	813	3
2017	213	3
2013	-306	3
2015	732	3
2016	-160	3
2013	1478	3
2016	532	3
2015	-106	3
2014	-279	3
2014	-252	3
2013	1397	3
2013	1343	3
2014	-171	3
2013	1316	3
2013	-463	3
2016	-144	3
2016	-517	3
2014	-263	3
2013	1181	3
2015	-636	3
2014	-209	3
2013	-355	3
2015	808	3
2014	1181	3
2015	781	3
2013	-328	3
2015	-155	3
2015	-355	3
2015	727	3
2016	554	3
2016	-155	3
2015	-101	3
2013	1419	3
2014	-620	3
2013	992	3
2016	473	3
2013	1392	3
2015	-247	3
2014	965	3
2013	1511	3
2017	219	3
2014	-312	3
2015	-339	3
2013	-285	3
2013	1457	3
2015	-112	3
2014	-285	3
2015	-285	3
2015	-85	3
2015	830	3
2014	-204	3
2013	1576	3
2013	-350	3
2014	-577	3
2014	-177	3
2015	776	3
2013	-323	3
2014	1122	3
2013	-296	3
2015	-523	3
2015	-96	3
2013	1414	3
2016	495	3
2015	841	3
2015	814	3
2015	-215	3
2017	-69	3
2017	-42	3
2015	760	3
2015	-307	3
2015	-80	3
2014	-226	3
2013	-399	3
2013	-172	3
2014	1198	3
2013	-345	3
2013	944	3
2014	-172	3
2015	798	3
2013	1490	3
2013	-291	3
2013	1609	3
2016	490	3
2013	-356	3
2015	-210	3
2014	1182	3
2015	809	3
2014	-356	3
2015	-156	3
2013	1301	3
2014	1128	3
2013	-275	3
2017	182	3
2013	-248	3
2016	-129	3
2013	1247	3
2014	-275	3
2016	-102	3
2013	-221	3
2013	993	3
2013	1393	3
2015	-248	3
2013	-567	3
2013	1539	3
2015	-194	3
2014	1166	3
2016	-194	3
2017	-21	3
2017	220	3
2014	939	3
2016	539	3
2013	1258	3
2014	1085	3
2013	1458	3
2013	-232	3
2013	1231	3
2015	-86	3
2013	1604	3
2015	-205	3
2013	1550	3
2017	204	3
2013	1669	3
2014	1096	3
2016	523	3
2016	496	3
2013	-616	3
2016	469	3
2013	-362	3
2013	1361	3
2014	-562	3
2013	734	3
2016	-216	3
2015	788	3
2015	-162	3
2016	-362	3
2015	-135	3
2017	-135	3
2014	1226	3
2015	-254	3
2013	1572	3
2014	1199	3
2016	-173	3
2015	-319	3
2015	-119	3
2014	-265	3
2015	-292	3
2014	1037	3
2013	1583	3
2013	-357	3
2015	-130	3
2013	1475	3
2016	-157	3
2013	1048	3
2015	-76	3
2015	821	2
2017	221	2
2013	1113	2
2015	967	2
2016	-141	2
2016	540	2
2013	-260	2
2014	-660	2
2015	886	2
2013	-233	2
2015	-287	2
2014	1032	2
2013	1205	2
2014	1232	2
2015	832	2
2015	-206	2
2013	-325	2
2014	-325	2
2015	-152	2
2013	1697	2
2014	1124	2
2016	-379	2
2013	-298	2
2015	-325	2
2015	-525	2
2014	1097	2
2016	551	2
2014	-271	2
2016	-125	2
2014	-244	2
2015	870	2
2015	-271	2
2013	-590	2
2016	470	2
2015	643	2
2016	-71	2
2013	-163	2
2015	-217	2
2014	1189	2
2014	-563	2
2016	-217	2
2014	1135	2
2013	1508	2
2014	-309	2
2013	1481	2
2016	-163	2
2015	-336	2
2013	1454	2
2015	-309	2
2013	-455	2
2014	-282	2
2015	-282	2
2014	-428	2
2014	-201	2
2013	1546	2
2015	-774	2
2017	227	2
2014	-747	2
2013	1492	2
2015	-520	2
2013	1638	2
2013	-239	2
2014	-239	2
2013	-358	2
2016	-412	2
2015	784	2
2015	-385	2
2016	-185	2
2016	584	2
2017	211	2
2015	730	2
2015	-331	2
2017	-158	2
2014	1076	2
2014	1276	2
2013	1622	2
2014	1249	2
2015	-277	2
2014	-450	2
2016	476	2
2015	-223	2
2013	1541	2
2013	1514	2
2016	-196	2
2016	-169	2
2013	-688	2
2013	-488	2
2013	1487	2
2015	-115	2
2014	-261	2
2014	1260	2
2016	-315	2
2013	1633	2
2015	-261	2
2014	-234	2
2013	1606	2
2014	1233	2
2013	-380	2
2015	806	2
2015	-607	2
2017	233	2
2014	-326	2
2014	1125	2
2013	-299	2
2016	579	2
2015	-126	2
2014	-472	2
2013	-245	2
2016	525	2
2013	1444	2
2013	-391	2
2013	1390	2
2013	1190	2
2014	-218	2
2014	1217	2
2015	-418	2
2015	817	2
2013	-564	2
2014	1190	2
2015	-391	2
2016	-218	2
2013	-337	2
2017	-45	2
2013	1509	2
2016	-191	2
2013	1482	2
2013	-283	2
2014	-310	2
2015	909	2
2013	1455	2
2014	1255	2
2013	-602	2
2015	655	2
2014	1228	2
2013	-175	2
2013	1574	2
2013	1547	2
2014	1174	2
2015	-402	2
2014	-375	2
2017	228	2
2014	-348	2
2016	574	2
2013	-494	2
2016	-175	2
2015	-321	2
2014	-294	2
2014	-267	2
2013	1439	2
2013	1612	2
2013	-613	2
2014	-440	2
2013	-413	2
2014	-240	2
2015	839	2
2015	-213	2
2014	1185	2
2017	-40	2
2014	1158	2
2014	-532	2
2013	1477	2
2013	-278	2
2015	-332	2
2013	-251	2
2013	-224	2
2015	877	2
2014	-251	2
2013	1623	2
2013	-797	2
2014	-397	2
2013	1569	2
2016	-251	2
2015	-424	2
2013	1542	2
2016	-224	2
2015	-197	2
2016	-197	2
2017	-24	2
2016	569	2
2016	-170	2
2016	-370	2
2013	-489	2
2014	-116	2
2016	-143	2
2016	542	2
2013	1461	2
2015	-489	2
2013	-608	2
2014	-235	2
2014	-435	2
2013	-581	2
2014	-581	2
2014	1180	2
2015	-208	2
2013	1553	2
2013	1526	2
2017	-35	2
2015	-381	2
2014	-327	2
2017	207	2
2013	1499	2
2016	-381	2
2014	-300	2
2015	-127	2
2015	-300	2
2013	1618	2
2014	-246	2
2015	-246	2
2013	-565	2
2015	818	2
2015	-219	2
2014	-192	2
2013	1537	2
2017	-46	2
2016	591	2
2013	-311	2
2014	-57	2
2013	1429	2
2014	1056	2
2014	-230	2
2014	-403	2
2016	-257	2
2013	1375	2
2014	-176	2
2013	1548	2
2014	1175	2
2015	775	2
2015	-376	2
2014	-322	2
2014	1121	2
2014	-295	2
2015	-495	2
2014	-241	2
2013	-614	2
2014	-214	2
2013	1586	2
2013	1559	2
2015	-214	2
2016	-214	2
2015	-187	2
2015	-160	2
2017	-14	2
2013	1305	2
2014	1105	2
2015	-333	2
2015	-133	2
2015	-306	2
2014	-452	2
2013	-225	2
2014	-625	2
2015	-252	2
2015	-452	2
2016	-252	2
2013	-371	2
2015	-625	2
2013	1543	2
2013	-344	2
2014	1143	2
2013	1516	2
2013	-290	2
2016	-171	2
2013	1489	2
2015	-317	2
2017	-144	2
2013	1435	2
2014	1062	2
2013	1608	2
2016	489	2
2015	835	2
2017	-90	2
2015	635	2
2016	462	2
2015	-236	2
2016	-236	2
2015	-382	2
2016	-182	2
2013	1673	2
2015	-328	2
2013	-274	2
2016	-328	2
2014	-474	2
2015	700	2
2014	-274	2
2013	-447	2
2014	-447	2
2014	-247	2
2014	-220	2
2013	1592	2
2014	1219	2
2014	-393	2
2015	-220	2
2014	992	2
2014	-366	2
2016	-220	2
2016	-166	2
2015	738	2
2013	1484	2
2017	192	2
2016	-139	2
2015	-312	2
2013	-231	2
2014	-658	2
2013	1630	2
2016	-312	2
2013	-431	2
2013	1403	2
2014	1230	2
2013	-177	2
2015	803	2
2013	1549	2
2015	-204	2
2015	-377	2
2013	-496	2
2014	-523	2
2016	-177	2
2016	-150	2
2013	-269	2
2015	-123	2
2015	-323	2
2013	-442	2
2013	1641	2
2014	-269	2
2013	-215	2
2014	-242	2
2015	-469	2
2014	-215	2
2014	1014	2
2014	1214	2
2014	-161	2
2013	1533	2
2013	1506	2
2014	1106	2
2016	-161	2
2015	733	2
2015	933	2
2014	-307	2
2016	-361	2
2013	-253	2
2014	-680	2
2016	533	2
2014	1252	2
2013	-599	2
2015	-253	2
2016	-80	2
2013	1398	2
2015	-626	2
2014	1171	2
2014	971	2
2014	1144	2
2016	598	2
2013	1517	2
2017	-26	2
2016	571	2
2015	-145	2
2013	-264	2
2014	-291	2
2013	-664	2
2016	544	2
2013	-237	2
2014	-264	2
2013	1436	2
2016	517	2
2014	-237	2
2015	-637	2
2017	-91	2
2016	-264	2
2014	1209	2
2015	-237	2
2013	1582	2
2017	-37	2
2017	236	2
2015	782	2
2017	209	2
2015	-356	2
2016	582	2
2016	-156	2
2016	-356	2
2013	1274	2
2016	555	2
2016	528	2
2014	-248	2
2016	501	2
2015	874	2
2015	847	2
2013	-367	2
2013	-167	2
2014	-367	2
2016	-221	2
2017	-48	2
2013	1512	2
2013	-313	2
2015	739	2
2013	-286	2
2014	-286	2
2014	-886	2
2017	-140	2
2013	1431	2
2013	-205	2
2015	-632	2
2013	-978	2
2015	831	2
2013	-178	2
2015	-405	2
2015	-605	2
2014	1177	2
2014	-578	2
2013	1523	2
2017	-32	2
2016	-178	2
2016	577	2
2013	-497	2
2013	1296	2
2013	1469	2
2013	-270	2
2014	-297	2
2016	550	2
2013	-243	2
2013	-443	2
2015	-270	2
2014	1042	2
2016	-297	2
2014	-416	2
2013	1561	2
2013	-162	2
2014	-189	2
2014	1188	2
2014	1161	2
2015	-389	2
2017	-43	2
2016	588	2
2016	-189	2
2017	215	2
2013	-308	2
2016	-162	2
2013	-281	2
2013	-481	2
2014	-281	2
2013	-454	2
2015	-481	2
2016	-108	2
2014	-454	2
2014	-227	2
2016	453	2
2015	799	2
2013	1345	2
2013	-346	2
2013	1518	2
2013	-319	2
2016	-200	2
2014	1145	2
2014	-319	2
2016	572	2
2013	1491	2
2014	-519	2
2014	-292	2
2015	718	2
2013	-265	2
2016	-346	2
2013	1437	2
2015	-92	2
2014	-665	2
2013	-238	2
2016	-292	2
2015	637	2
2014	-211	2
2013	1556	2
2015	-211	2
2016	-238	2
2015	810	2
2016	-211	2
2014	1156	2
2015	-357	2
2013	-303	2
2017	-11	2
2015	-530	2
2014	-303	2
2016	556	2
2015	-303	2
2014	1275	2
2015	-703	2
2014	1075	2
2013	-249	2
2014	-249	2
2015	848	1
2014	-422	1
2013	-195	1
2017	-103	1
2013	1567	1
2015	-422	1
2013	-568	1
2016	-249	1
2013	-341	1
2014	-768	1
2013	1540	1
2014	1167	1
2016	-222	1
2015	-795	1
2015	-395	1
2017	-49	1
2016	-195	1
2015	-568	1
2016	594	1
2014	-541	1
2014	-341	1
2017	-222	1
2014	1340	1
2014	1140	1
2013	-514	1
2013	-914	1
2014	-314	1
2015	-541	1
2016	567	1
2013	-287	1
2015	-341	1
2013	-460	1
2015	-314	1
2013	-833	1
2016	-514	1
2014	-260	1
2014	1259	1
2013	-433	1
2013	1632	1
2013	-406	1
2013	-606	1
2013	-806	1
2014	-633	1
2017	-114	1
2014	-406	1
2014	-206	1
2016	-260	1
2015	-433	1
2013	-579	1
2015	-233	1
2014	1205	1
2016	432	1
2013	-352	1
2014	-579	1
2013	-752	1
2014	1151	1
2017	232	1
2015	-352	1
2014	1297	1
2013	-471	1
2013	-871	1
2015	-498	1
2013	-444	1
2015	-698	1
2015	-298	1
2013	-844	1
2014	1243	1
2014	-1017	1
2015	-244	1
2016	-271	1
2013	-390	1
2013	1589	1
2016	-244	1
2015	-417	1
2014	-590	1
2013	1562	1
2013	1535	1
2013	-336	1
2014	-363	1
2015	-990	1
2015	-390	1
2016	-190	1
2013	1708	1
2013	-309	1
2013	-709	1
2014	-336	1
2014	-736	1
2017	189	1
2015	735	1
2013	-1055	1
2014	-482	1
2013	1654	1
2014	1281	1
2013	-655	1
2015	908	1
2014	-455	1
2014	-655	1
2013	-628	1
2013	-428	1
2016	-309	1
2014	1254	1
2013	1627	1
2014	-628	1
2013	-401	1
2014	1227	1
2015	854	1
2013	1400	1
2017	-82	1
2015	-428	1
2013	-974	1
2014	-401	1
2014	-601	1
2016	-255	1
2014	1200	1
2013	-547	1
2014	1173	1
2014	-574	1
2015	-374	1
2013	-320	1
2017	-28	1
2014	-347	1
2014	-520	1
2015	-720	1
2013	1665	1
2015	919	1
2014	-493	1
2013	-266	1
2016	546	1
2013	-866	1
2014	-866	1
2014	-466	1
2015	-493	1
2013	-439	1
2013	-412	1
2014	1238	1
2014	-439	1
2015	-266	1
2015	-466	1
2013	1411	1
2014	-812	1
2016	-266	1
2014	-212	1
2013	1584	1
2013	-585	1
2015	838	1
2017	-293	1
2014	-412	1
2014	-185	1
2015	-412	1
2014	1184	1
2014	1157	1
2013	-331	1
2013	-731	1
2015	-585	1
2014	-358	1
2014	-558	1
2016	-385	1
2013	-504	1
2014	-531	1
2013	-304	1
2017	-12	1
2015	-758	1
2013	-477	1
2014	-504	1
2013	1476	1
2014	1303	1
2015	-531	1
2013	-277	1
2016	-158	1
2014	-277	1
2015	903	1
2016	530	1
2015	-304	1
2017	-331	1
2017	-104	1
2014	-223	1
2013	1595	1
2013	-596	1
2014	-623	1
2015	849	1
2014	-596	1
2014	-196	1
2017	-77	1
2015	822	1
2014	-396	1
2013	1568	1
2017	-50	1
2014	1168	1
2014	-369	1
2015	-396	1
2016	595	1
2015	968	1
2014	-342	1
2015	-342	1
2015	941	1
2015	-942	1
2015	714	1
2017	-169	1
2014	-488	1
2015	-515	1
2015	914	1
2015	-715	1
2015	-488	1
2014	-634	1
2013	-607	1
2014	-434	1
2015	860	1
2015	-861	1
2013	-1207	1
2017	-115	1
2013	-407	1
2013	-780	1
2013	-580	1
2015	-234	1
2014	-607	1
2014	-407	1
2013	1579	1
2014	1206	1
2013	-953	1
2014	-380	1
2017	260	1
2016	-234	1
2013	-353	1
2013	-553	1
2016	-407	1
2014	1152	1
2017	-407	1
2016	552	1
2016	-353	1
2015	-326	1
2015	925	1
2014	-299	1
2014	-499	1
2014	-899	1
2013	-845	1
2017	-153	1
2013	1644	1
2015	-299	1
2016	-326	1
2014	-445	1
2016	-299	1
2013	1617	1
2015	-472	1
2014	1244	1
2016	-272	1
2013	-591	1
2013	1590	1
2017	-99	1
2015	-245	1
2015	-445	1
2016	-245	1
2014	-391	1
2013	-164	1
2013	-364	1
2014	-364	1
2014	-564	1
2015	-364	1
2013	-510	1
2015	-564	1
2015	763	1
2016	-364	1
2013	-656	1
2015	-310	1
2014	1282	1
2014	-483	1
2014	1082	1
2014	-656	1
2017	-137	1
2013	-829	1
2015	-883	1
2015	-483	1
2014	-829	1
2013	-402	1
2014	-629	1
2014	-429	1
2016	-283	1
2017	-283	1
2014	-402	1
2013	-375	1
2015	801	1
2016	-229	1
2015	974	1
2015	-375	1
2013	1320	1
2017	-29	1
2015	-775	1
2013	-321	1
2015	-348	1
2015	-548	1
2016	-375	1
2015	920	1
2015	-521	1
2013	-467	1
2013	1666	1
2014	-667	1
2013	-240	1
2013	-440	1
2013	-640	1
2015	866	1
2015	-467	1
2014	1239	1
2013	-986	1
2014	1212	1
2014	-613	1
2015	-440	1
2014	-213	1
2015	-413	1
2015	-813	1
2016	-240	1
2013	1558	1
2013	-359	1
2016	-440	1
2013	-559	1
2014	-359	1
2016	-413	1
2014	1131	1
2013	1504	1
2013	-505	1
2016	-186	1
2013	-478	1
2014	-505	1
2016	558	1
2015	-305	1
2015	-505	1
2015	-278	1
2013	-624	1
2015	-851	1
2015	-251	1
2013	1596	1
2015	-651	1
2013	1396	1
2015	850	1
2014	-224	1
2013	-170	1
2013	1369	1
2014	1196	1
2014	-597	1
2014	-370	1
2013	-543	1
2014	1169	1
2015	-397	1
2014	-1370	1
2013	-916	1
2017	223	1
2014	-343	1
2015	-370	1
2014	1142	1
2013	-316	1
2014	-316	1
2013	-889	1
2013	-289	1
2015	-143	1
2015	-543	1
2017	-170	1
2016	-343	1
2016	-316	1
2013	-635	1
2013	-235	1
2015	888	1
2015	-889	1
2013	-408	1
2014	1234	1
2014	-635	1
2013	1607	1
2017	-116	1
2017	-89	1
2014	-608	1
2016	-262	1
2015	-235	1
2013	1580	1
2013	-754	1
2014	-781	1
2014	-354	1
2015	-581	1
2013	-327	1
2014	1153	1
2013	-527	1
2016	-181	1
2015	-554	1
2013	-700	1
2016	580	1
2013	1672	1
2015	926	1
2016	553	1
2016	-327	1
2014	-273	1
2015	-500	1
2013	-246	1
2013	-446	1
2013	-619	1
2013	-819	1
2013	1391	1
2015	845	1
2014	-219	1
2016	-246	1
2014	-592	1
2017	-273	1
2015	791	1
2017	245	1
2015	-192	1
2013	-511	1
2016	-192	1
2013	1483	1
2015	-938	1
2015	937	1
2013	1683	1
2014	-311	1
2013	-857	1
2014	1283	1
2015	-884	1
2016	510	1
2014	-657	1
2014	-257	1
2015	883	1
2014	-457	1
2015	-284	1
2014	1256	1
2017	-138	1
2015	-457	1
2016	483	1
2013	-803	1
2014	-430	1
2015	856	1
2014	-630	1
2015	-630	1
2015	-230	1
2017	-84	1
2015	802	1
2014	-576	1
2014	-549	1
2016	-376	1
2013	-495	1
2014	-522	1
2015	-322	1
2014	-695	1
2014	-468	1
2013	1440	1
2015	-295	1
2014	-268	1
2014	1267	1
2013	1613	1
2016	-295	1
2014	-441	1
2015	-468	1
2014	1240	1
2015	-441	1
2014	1213	1
2015	-241	1
2016	-268	1
2015	840	1
2014	1186	1
2016	-241	1
2014	-387	1
2013	-360	1
2015	-414	1
2015	-814	1
2014	-587	1
2014	1159	1
2017	240	1
2015	-387	1
2013	1532	1
2014	-360	1
2013	1505	1
2015	-360	1
2014	-733	1
2013	-706	1
2014	1132	1
2013	-479	1
2014	-706	1
2013	1678	1
2017	-160	1
2015	-706	1
2014	-479	1
2013	-252	1
2015	-506	1
2017	-133	1
2015	-679	1
2015	878	1
2014	1251	1
2013	1624	1
2013	-625	1
2017	-106	1
2014	-425	1
2013	-398	1
2015	851	1
2014	-225	1
2013	-598	1
2016	-279	1
2015	-425	1
2013	-571	1
2014	1197	1
2015	-798	1
2015	-398	1
2014	-371	1
2015	797	1
2014	-571	1
2013	1716	1
2014	-344	1
2013	-517	1
2017	224	1
2017	-25	1
2015	-371	1
2013	-317	1
2013	-890	1
2014	-317	1
2016	-371	1
2015	-517	1
2016	-344	1
2016	543	1
2013	-263	1
2015	916	1
2017	-171	1
2014	-690	1
2014	1262	1
2015	-490	1
2014	-663	1
2015	889	1
2013	1635	1
2015	-463	1
2014	1208	1
2017	-63	1
2014	-582	1
2013	-928	1
2014	1154	1
2013	1527	1
2013	-728	1
2013	-1128	1
2014	-355	1
2016	-209	1
2016	581	1
2015	-528	1
2013	1473	1
2016	-355	1
2014	-301	1
2015	-501	1
2013	1646	1
2015	-701	1
2013	1246	1
2013	-247	1
2015	873	1
2013	-420	1
2014	1246	1
2015	-474	1
2016	-501	1
2013	-993	1
2013	-393	1
2017	-101	1
2017	-674	1
2013	1565	1
2014	-193	1
2015	-1393	1
2015	-393	1
2013	1538	1
2015	792	1
2015	-366	1
2013	-1112	1
2017	-20	1
2014	1138	1
2013	-512	1
2015	938	1
2014	-112	1
2013	-658	1
2014	-485	1
2014	1084	1
2013	-258	1
2015	-485	1
2014	-458	1
2017	-139	1
2014	-631	1
2016	484	1
2013	-404	1
2015	857	1
2016	-258	1
2013	-377	1
2017	-85	1
2014	-404	1
2013	-977	1
2015	1030	1
2015	-431	1
2013	-950	1
2014	1176	1
2013	-550	1
2016	-404	1
2015	-177	1
2014	-550	1
2013	-723	1
2013	1522	1
2014	-350	1
2017	-31	1
2015	-777	1
2016	576	1
2014	-323	1
2014	-696	1
2014	-496	1
2013	1468	1
2017	-177	1
2014	1295	1
2016	549	1
2014	-442	1
2014	-415	1
2016	-269	1
2013	-988	1
2015	-242	1
2013	-388	1
2013	-588	1
2013	-761	1
2016	-242	1
2013	1560	1
2013	-561	1
2014	1160	1
2013	-334	1
2014	-361	1
2016	587	1
2015	-361	1
2013	-907	1
2013	-307	1
2014	-707	1
2013	1479	1
2013	-480	1
2013	-280	1
2013	-680	1
2014	-907	1
2016	560	1
2016	-334	1
2015	-107	1
2013	1452	1
2015	906	1
2015	-507	1
2017	-161	1
2015	-480	1
2015	-280	1
2017	-134	1
2015	879	1
2014	-453	1
2014	1225	1
2014	-426	1
2016	-253	1
2014	-399	1
2017	-80	1
2013	1344	1
2014	-372	1
2017	-53	1
2014	-572	1
2015	-199	1
2016	-226	1
2015	971	1
2013	-318	1
2015	-372	1
2013	-518	1
2013	-491	1
2016	-372	1
2016	-345	1
2014	-891	1
2014	1290	1
2013	1463	1
2015	917	1
2015	-291	1
2017	-145	1
2016	-318	1
2014	1263	1
2015	-864	1
2017	-318	1
2017	-118	1
2014	-837	1
2013	-210	1
2015	-464	1
2014	-610	1
2013	-1183	1
2013	-383	1
2015	836	1
2014	-383	1
2013	1555	1
2016	-237	1
2015	-610	1
2015	-810	1
2013	-329	1
2014	1155	1
2014	-556	1
2016	-1010	1
2013	1528	1
2013	-529	1
2014	1355	1
2014	-529	1
2013	-502	1
2013	-302	1
2013	-702	1
2014	-129	1
2016	-183	1
2014	-502	1
2013	1474	1
2013	-475	1
2014	-302	1
2015	-502	1
2015	901	1
2013	-848	1
2013	1647	1
2014	-475	1
2014	-448	1
2013	1620	1
2015	-275	1
2014	-1048	1
2014	1220	1
2013	-394	1
2013	1593	1
2014	1193	1
2015	-621	1
2017	-275	1
2017	247	1
2015	-394	1
2014	-340	1
2015	-367	1
2013	-513	1
2014	-540	1
2015	-740	1
2016	-367	1
2015	-540	1
2016	566	1
2014	-313	1
2013	-459	1
2015	-713	1
2014	-486	1
2013	-259	1
2013	-832	1
2016	-513	1
2014	-459	1
2015	-286	1
2014	-659	1
2015	-686	1
2013	-405	1
2017	-113	1
2015	858	1
2014	-232	1
2014	1231	1
2016	-286	1
2017	-86	1
2014	1204	1
2013	-578	1
2014	-205	1
2014	-405	1
2013	1577	1
2013	-778	1
2015	-805	1
2015	804	1
2013	-351	1
2017	231	1
2015	-578	1
2014	-351	1
2017	-205	1
2014	-324	1
2015	923	1
2015	-324	1
2015	-524	1
2015	-497	1
2015	896	1
2014	1269	1
2014	-243	1
2013	-416	1
2013	1615	1
2017	-124	1
2014	1242	1
2013	1588	1
2017	-97	1
2013	-389	1
2014	-616	1
2014	-216	1
2014	1215	1
2015	815	1
2015	-416	1
2017	-70	1
2014	-389	1
2014	-362	1
2015	-189	1
2016	615	1
2017	242	1
2013	-335	1
2017	-16	1
2015	-935	1
2014	-308	1
2013	1680	1
2016	561	1
2015	734	1
2015	-508	1
2016	-135	1
2015	-908	1
2016	534	1
2015	-308	1
2014	-254	1
2013	-427	1
2013	1626	1
2016	-308	1
2014	1253	1
2015	880	1
2013	-627	1
2013	-600	1
2016	-281	1
2017	-108	1
2013	-400	1
2017	-281	1
2015	826	1
2014	1172	1
2013	1545	1
2015	-800	1
2013	-546	1
2015	972	1
2014	-346	1
2017	226	1
2015	-373	1
2015	-346	1
2013	-892	1
2013	-492	1
2014	1291	1
2015	-919	1
2014	-892	1
2016	545	1
2013	-865	1
2013	-438	1
2013	1637	1
2015	891	1
2017	-146	1
2013	-611	1
2013	1610	1
2014	-438	1
2014	-638	1
2014	-238	1
2015	837	1
2013	-784	1
2013	-384	1
2014	-411	1
2017	-92	1
2015	-238	1
2015	-811	1
2013	-957	1
2014	-384	1
2013	1529	1
2015	-184	1
2017	-38	1
2014	-357	1
2013	-530	1
2016	610	1
2017	-438	1
2014	-730	1
2016	583	1
2014	-530	1
2013	1675	1
2014	-503	1
2014	-703	1
2013	-476	1
2015	-730	1
2016	-357	1
2015	-930	1
2013	1448	1
2013	-449	1
2014	-676	1
2014	-476	1
2013	-849	1
2014	1248	1
2015	-276	1
2013	-422	1
2015	-876	1
2014	-449	1
2013	1421	1
